,,,,,,,,,,,,,,,,
Master Date List,Date,Bin 1 Inflow,Bin 1 Outflow,Bin 2 Inflow,Bin 2 Outflow,Bin 3 Inflow,Bin 3 Outflow,Bin 4 Inflow,Bin 4 Outflow,Bin 5 Inflow (Bin 1),Bin 5 Outflow,Bin 6 Inflow (Bin 2),Bin 6 Outflow,Bin 7 Inflow (5 out),Bin 7 Outflow,Notes
10/20/10,10/20/10,0.52,0.3984375,,,0.56,,,,0.3984375,0.4109375,0.09375,0.04375,,,Reduced inflows in 1 & 3 to .3 gpm
10/21/10,10/21/10,0.29,0.1875,,,0.3,0.3359375,,,0.1875,0.15625,0.078125,0.034375,,,Reduced inflows 1 to .2 & 3 to .15 gpm
11/1/10,11/1/10,0.21,0.109375,,,0.16,0.11875,,,0.109375,0.078125,0.090625,0.04375,,,No  adjustment of flows
11/2/10,11/2/10,0.21,0.09375,,,0.16,0.109375,,,0.09375,0.0578125,0.08125,0.0234375,,,No  adjustment of flows
11/4/10,11/4/10,0.21,0.09375,,,0.17,0.10625,,,0.09375,0.078125,0.078125,0.0234375,,,No adjustment of flows
11/8/10,11/8/10,0.21,0.109375,,,0.16,0.121875,,,0.109375,0.0625,0.0921875,0.0484375,,,"Adjusted inflow to bins 1,3 & 4 to .3 gpm"
11/9/10,11/9/10,0.34,0.234375,,,0.33,0.284375,0.34,0.309375,0.234375,0.21875,0.309375,0.2578125,,,No adjustment of flows
11/10/10,11/10/10,0.33,0.234375,,,0.33,0.28125,0.33,0.3125,0.234375,0.21875,0.3125,0.265625,,,No adjustment of flows
11/15/10,11/15/10,0.33,0.2421875,,,0.34,0.296875,0.33,0.309375,0.2421875,0.2421875,0.309375,0.2640625,,,All inlet flows set to .2
11/16/10,11/16/10,0.23,0.140625,,,0.24,0.203125,0.23,0.2265625,0.140625,0.140625,0.2265625,0.2265625,0.140625,,No adjustment of flows
11/17/10,11/17/10,0.23,0.1484375,,,0.23,0.1953125,0.23,0.253125,0.1484375,0.109375,0.253125,0.171875,0.109375,,No adjustment of flows
11/19/10,11/19/10,0.22,0.140625,,,0.22,0.1875,0.24,0.234375,0.140625,0.109375,0.234375,0.1875,0.109375,,No adjustment of flows
11/22/10,11/22/10,,,,,0.23,0.2,0.24,0.2328125,,,0.2328125,0.171875,,,Bin 1 was shut off; reset to .2
11/23/10,11/23/10,0.23,0.1328125,,,0.22,0.196875,0.21,0.2109375,0.1328125,0.0796875,0.2109375,0.1734375,0.0796875,0,No adjustment of flows
11/24/10,11/24/10,0.24,0.153125,,,0.23,0.2015625,0.23,0.2328125,0.153125,0.125,0.2328125,0.2,0.125,0.109375,No adjustment of flows
11/29/10,11/29/10,0.23,0.1484375,,,0.23,0.1953125,0.23,0.2171875,0.1484375,0.10625,0.2171875,0.171875,0.10625,0.075,No adjustment of flows
12/1/10,12/1/10,0.23,0.15625,,,0.25,0.21875,0.23,0.265625,0.15625,0.109375,0.265625,0.21875,0.109375,0.15625,Bin 3 reset to .2
12/2/10,12/2/10,0.23,0.159375,,,0.28,0.2375,0.25,0.234375,0.159375,0.1140625,0.234375,0.1890625,0.1140625,0.134375,Bin 3 reset to .2
12/6/10,12/6/10,0.23,0.1640625,,,0.28,0.2421875,0.24,0.2265625,0.1640625,0.121875,0.2265625,0.1875,0.121875,0.15703125,No adjustment of flows
12/8/10,12/8/10,0.23,0.1640625,,,0.28,0.25,0.25,0.421875,0.1640625,0.1171875,0.421875,0.1734375,0.1171875,0.1375,Flow meters set to .25 gpm
12/14/10,12/14/10,0.28,0.2265625,,,0.28,0.2796875,0.28,0.4765625,0.2265625,0.171875,0.4765625,0.309375,0.171875,0.1953125,No adjustment of flows
12/21/10,12/21/10,0.28,0.203125,,,0.28,0.25390625,0.28,,0.203125,0.1484375,,0.25,0.1484375,0.203125,Flow meters set to .2 gpm
12/23/10,12/23/10,0.23,0.171875,,,0.23,0.234375,0.23,0.234375,0.171875,0.125,0.234375,0.25,0.125,0.1875,No adjustment of flows
1/5/11,1/5/11,0.23,0.19375,,,0.25,0.2078125,0.26,0.2296875,0.19375,0.140625,0.2296875,0.1734375,0.140625,0.19375,Meter 3 & 4 set to .2 gpm
1/6/11,1/6/11,0.23,0.1875,,,0.23,0.21875,0.23,0.2296875,0.1875,0.171875,0.2296875,0.078125,0.171875,0.203125,No adjustment of flows
1/10/11,1/10/11,0.23,0.1875,,,0.23,0.21875,0.23,,0.1875,0.125,,0.15625,0.125,0.1875,Meter 3 & 4 set to .2 gpm
1/12/11,1/12/11,0.23,0.19375,,,0.23,0.203125,0.23,,0.19375,0.125,,0.15625,0.125,0.171875,No adjustment of flows
1/13/11,1/13/11,0.24,0.2015625,,,0.22,0.203125,0.23,,0.2015625,0.134375,,0.184375,0.134375,0.3828125,No adjustment of flows
1/20/11,1/20/11,0.23,0.2,,,0.23,0.190625,0.12,,0.2,0.1796875,,0.0859375,0.1796875,0.121875,No adjustment of flows
1/21/11,1/21/11,0.23,0.1875,,,0.23,0.203125,0.12,,0.1875,0.109375,,0.078125,0.109375,0.171875,No adjustment of flows
1/24/11,1/24/11,0.23,0.19375,,,0.22,0.2,0.1,,0.19375,0.17578125,,0.171875,0.17578125,0.12890625,"Adjusted flows in 1, 2&4 to .1gpm"
1/25/11,1/25/11,0.1,0.0625,,,0.1,0.109375,0.1,,0.0625,0,,0.078125,0,0.0625,No adjustment of flows
1/26/11,1/26/11,0.1,0.071875,,,0.13,0.1015625,0.1,,0.071875,0.0328125,,0.0703125,0.0328125,0.0296875,No adjustment of flows
1/28/11,1/28/11,0.1,0.078125,,,0.1,0.1015625,0.1,,0.078125,0.03125,,0.046875,0.03125,0.046875,No adjustment of flows
2/1/11,2/1/11,0.1,0.0625,,,0.1,0.09375,0.1,,0.0625,0,,0.0625,0,0.0625,No adjustment of flows
2/2/11,2/2/11,0.1,0.0625,,,0.1,0.09375,0.1,,0.0625,0,,0.0625,0,0.0625,No adjustment of flows
2/4/11,2/4/11,0.1,0.0734375,,,0.13,0.1203125,0.1,,0.0734375,0.06484375,,0.1046875,0.06484375,0.05546875,No adjustment of flows
2/9/11,2/9/11,0.1,0.0671875,,,0.12,0.0921875,0.1,0.1421875,0.0671875,0.0265625,0.1421875,0.0640625,0.0265625,0.115625,No adjustment of flows
2/11/11,2/11/11,0.1,0.075,,,0.1,0.1015625,0.1,,0.075,0.040625,,0.0734375,0.040625,0.221875,No adjustment of flows
2/14/11,2/14/11,0.1,,,,0.1,,0.1,,,,,,,,No adjustment of flows
2/22/11,2/22/11,0.1,0.0734375,,,0.1,0.1015625,0.1,,0.0734375,0.034375,,0.0765625,0.034375,0.0578125,No adjustment of flows
3/2/11,3/2/11,0.14,0.0828125,,,0.11,0.0921875,0.13,,0.0828125,0.053125,,0.06953125,0.053125,0.046875,"Adjusted flows in 1, 2&4 to .1gpm"
3/9/11,3/9/11,0.1,0.040625,,,0.13,0.10625,0.1,0.09375,0.040625,0.034375,0.09375,0.0546875,0.034375,0.015625,Adjusted flows in 1 to .2 gpm
3/11/11,3/11/11,0.21,,,,0.1,0.0734375,0.1,,,0.08984375,,0.0484375,0.08984375,0.1546875,Adjusted flows in 1 to .2 gpm
3/18/11,3/18/11,0.18,0.121875,,,0.04,0.0515625,0.08,0.0796875,0.121875,0.0859375,0.0796875,0.046875,0.0859375,0.1,"Adjusted 1 to .2, 3&4 to .1"
3/25/11,3/25/11,0.23,0.15625,,,0.1,0.06875,0.04,0.0671875,0.15625,0.11875,0.0671875,0.03125,0.11875,0.13125,Adjusted 4 to .1
4/3/11,4/3/11,,,,,,,,,,,,,,,
4/8/11,4/8/11,0.22,0.1484375,,,0.1,0.071875,0.1,0.08828125,0.1484375,0.0828125,0.08828125,0.0484375,0.0828125,0.3796875,Adjusted 1 to .2 
4/20/11,4/20/11,0.21,0.2109375,,,0.1,0.0703125,0.1,0.08125,0.2109375,0.1375,0.08125,0.0359375,0.1375,0.209375,Adjusted 1 to .2 
5/2/11,5/2/11,0.23,0.18828125,,,0.1,0.0703125,0.1,0.071875,0.18828125,0.11796875,0.071875,0.0125,0.11796875,0.1390625,No adjustment of flows
5/5/11,,,,,,,,,,,,,,,,
5/9/11,5/9/11,0.23,0.18359375,,,0.1,0.06953125,0.1,0.09453125,0.18359375,0.1484375,0.09453125,0.046875,0.1484375,0.1703125,No adjustment of flows
5/16/11,5/16/11,0.23,0.178125,,,0.1,0.0671875,0.13,0.09609375,0.178125,0.1234375,0.09609375,0.046875,0.1234375,0.15546875,No adjustment of flows
5/20/11,5/20/11,0.23,0.1734375,,,0.09,0.075,0.13,0.08359375,0.1734375,0.090625,0.08359375,0.03828125,0.090625,0.1453125,No adjustment of flows
5/27/11,5/27/11,0.23,0.440625,,,0.1,0.075,0.13,0.10625,0.440625,0.19140625,0.10625,0.04421875,0.19140625,0.13828125,No adjustment of flows
6/3/11,6/3/11,0.23,0.1734375,,,0.12,0.08125,0.1,0.090625,0.1734375,0.15625,0.090625,0.0375,0.15625,0.128125,No adjustment of flows
6/8/11,6/8/11,0.23,0.1734375,,,0.1,0.07421875,0.13,0.0921875,0.1734375,0.1078125,0.0921875,0.0296875,0.1078125,0.13125,No adjustment of flows
6/10/11,,,,,,,,,,,,,,,,
6/17/11,6/17/11,0.1,0.05,,,0.1,0.06640625,0.13,0.09375,0.05,0,0.09375,0.046875,0,0,Bin 1 & Bin 4 set to .2 gpm
6/24/11,6/24/11,0.23,0.2,,,0.1,0.0515625,0.23,0.190625,0.2,0.125,0.190625,0.1296875,0.125,0.16171875,No adjustment of flows
7/1/11,7/1/11,0.22,0.1796875,0.08,0.265625,0.08,0.04765625,0.21,0.1890625,0.1796875,0.1015625,0.1890625,0.12265625,0.1015625,0.12890625,1&4set0.2  2&3 set0.1
7/8/11,7/8/11,0.23,0.18125,0,0,0.08,0.02734375,0.21,0.1875,0.18125,0.1078125,0.1875,0.1171875,0.1078125,0.1390625,1&4set0.2  2&3 set0.1
7/15/11,7/15/11,0.23,0.20234375,0.1,0.0625,0.1,0.0828125,0.21,0.203125,0.20234375,0.1375,0.203125,0.134375,0.1375,0.159375,Bin4 set to .2
7/22/11,7/22/11,0.23,0.20234375,0.1,0.06484375,0.1,0.078125,0.21,0.328125,0.20234375,0.2328125,0.328125,0.16953125,0.2328125,0.1109375,Bin4 set to .2
7/25/11,7/25/11,0.23,0.22890625,0.08,0.0546875,0.1,0.08515625,0.26,0.2109375,0.22890625,0.1953125,0.2109375,0.18984375,0.1953125,0.2078125,Thunder Storm night before
7/27/11,7/27/11,0.23,0.19140625,0.08,0.05625,0.1,0.0796875,0.21,0.1953125,0.19140625,0.1171875,0.1953125,0.0875,0.1171875,0.1015625,Bin4 set to .2/ bin2 set to .1
7/29/11,7/29/11,0.23,0.2078125,0.06,0.05390625,0.1,0.0921875,0.23,0.19453125,0.2078125,0.134375,0.19453125,0.1421875,0.134375,0.11328125, Left 2 at .07 because it was full.
8/1/11,8/1/11,0.23,0.215625,0.06,0.040625,0.1,0.08203125,0.23,0.203125,0.215625,0.1640625,0.203125,0.1546875,0.1640625,0.1796875, Left 2 at .07 because it was full.
8/3/11,8/3/11,0.23,0.20625,0.06,0.0453125,0.1,0.0828125,0.21,0.1953125,0.20625,0.1484375,0.1953125,0.12265625,0.1484375,0.1578125, Thunder storm night before
8/5/11,8/5/11,0.22,0.20625,0.1,0.0671875,0.13,0.11171875,0.25,0.2234375,0.20625,0.1484375,0.2234375,0.15625,0.1484375,0.15625,"Adjusted flows to .2,.1,.1,.2"
8/8/11,8/8/11,0.23,0.2109375,0.1,0.065625,0.13,0.10703125,0.22,0.171875,0.2109375,0.1390625,0.171875,0.0546875,0.1390625,0.1328125,"Adusted bin1 to .07, bin3 to .1"
8/10/11,8/10/11,0.23,0.2109375,0.05,0.078125,0.08,0.078125,0.25,0.22421875,0.2109375,0.18125,0.22421875,0.165625,0.18125,0.1890625,Bin2 low input to lower water level
8/18/11,8/18/11,0.22,0.20078125,0.1,0.078125,0.11,0.10859375,0.23,0.2375,0.20078125,0.125,0.2375,0.03828125,0.125,0.146875,Bin4toBin6 has blockage
8/26/11,8/26/11,0.23,0.20546875,0.09,0.0890625,0.12,0.1015625,0.1,0.16875,0.20546875,0.1,0.16875,0,0.1,0.0875,Bin4 set to .2
9/2/11,9/2/11,0.23,0.21796875,0.09,0.0734375,0.1,0.0828125,0.23,0.21484375,0.21796875,0.1796875,0.21484375,0.15546875,0.1796875,0.1875,Bin2 set to .1
9/9/11,9/9/11,0.23,0.2265625,0.08,0.08203125,0.1,0.09296875,0.23,0.2265625,0.2265625,0.1921875,0.2265625,0.1890625,0.1921875,0.2,NIGHT TIME READING
9/9/11,9/9/11,0.23,0.203125,0.08,0.078125,0.1,0.090625,0.23,0.20234375,0.203125,0.1421875,0.20234375,0.0953125,0.1421875,0.1328125, no changes
9/16/11,9/16/11,0.23,0.2046875,0.09,0.071875,0.1,0.09375,0.23,0.59375,0.2046875,0.16875,0.59375,0.21875,0.16875,0.1328125,Rains the previous days
9/22/11,9/22/11,0.23,0.2015625,0.09,0.06640625,0.1,0.0953125,0.23,0.2125,0.2015625,0.1640625,0.2125,0.1078125,0.1640625,0.12421875,Rains the previous days
9/23/11,,,,,,,,,,,,,,,,
9/29/11,9/29/11,0.23,0.19375,0.09,0.06640625,0.1,0.0875,0.1,0.0625,0.19375,0.1390625,0.0625,0,0.1390625,0.1171875, Adjusted Bin4 to .2
10/6/11,10/6/11,0.19,0.1875,0.08,0.08203125,0.06,0.07578125,0.18,0.1765625,0.1875,0.103125,0.1765625,0.0859375,0.103125,0.1109375,Head dropped due to pump slowdown.  Fixed.
10/7/11,10/7/11,0.23,0.23046875,0.09,0.075,0.12,0.10625,0.23,0.20703125,0.23046875,0.1921875,0.20703125,0.190625,0.1921875,0.209375,NIGHT TIME READING
10/13/11,10/13/11,0.23,0.209375,0.04,0.06875,0.1,0.1015625,0.23,0.546875,0.209375,0.1765625,0.546875,0.1171875,0.1765625,0.1546875,Bin 4 had way too much flow coming out.
10/14/11,,,,,,,,,,,,,,,,
10/20/11,10/20/11,0.23,0.21171875,0.1,0.0875,0.09,0.078125,0.2,0.1703125,0.21171875,0.1828125,0.1703125,0.08125,0.1828125,0.15703125,No problems today
10/25/11,10/25/11,0.23,0.21875,0.1,0.0921875,0.09,0.0875,0.19,0,0.21875,0.1765625,0,0.0609375,0.1765625,0.1734375,"Bin4 was backed up, large milkey flow when drained"
10/28/11,,,,,,,,,,,,,,,,
11/1/11,11/1/11,0.26,0.225,0.07,0.08828125,0.1,0.0921875,0.19,0,0.225,0.19921875,0,0.03671875,0.19921875,0.19375,"Bin4 was backed up, large milkey flow when drained"
11/8/11,11/8/11,0.25,0.24375,0.06,0.078125,0.1,0.0953125,0.2,0.2328125,0.24375,0.225,0.2328125,0.1703125,0.225,0.234375, Heavy Rains two days before
11/17/11,11/17/11,0.24,0.2390625,0.04,0.02890625,0.09,0.0859375,0.17,0.13125,0.2390625,0.1953125,0.13125,0.0625,0.1953125,0.215625, Bin 4 to Bin 6 clogged again.
11/18/11,,,,,,,,,,,,,,,,
11/22/11,11/22/11,0.23,0.2375,0.1,0.1171875,0.13,0.1171875,0.22,0.190625,0.2375,0.2046875,0.190625,0.171875,0.2046875,0.203125, Bin 4 to Bin 6 clogged again.
11/29/11,11/29/11,0.23,0.23671875,0.1,0.0828125,0.1,0.0890625,0.21,0.059375,0.23671875,0.1921875,0.059375,0.1109375,0.1921875,0.209375, 
12/6/11,12/6/11,0.24,0.2421875,0.1,0.090625,0.1,0.0875,0.23,0.215625,0.2421875,0.23515625,0.215625,0.2078125,0.23515625,0.23515625, 
12/15/11,12/15/11,0.23,0.234375,0.1,0.08125,0.09,0.09375,0.22,0.25546875,0.234375,0.23515625,0.25546875,0.190625,0.23515625,0.2359375,"Bin 4 clogged, Heavy rains two days prior"
12/16/11,,,,,,,,,,,,,,,,
12/22/11,12/22/11,0.23,0.234375,0.09,0.090625,0.1,0.096875,0.23,0.2015625,0.234375,0.2046875,0.2015625,0.1953125,0.2046875,0.21875, 
1/6/12,1/6/12,0.23,0.24453125,0.1,0.08828125,0.1,0.090625,0.23,0.2125,0.24453125,0.21640625,0.2125,0.184375,0.21640625,0.22109375, 
1/11/12,1/11/12,0.23,0.2296875,0.09,0.0828125,0.1,0.0890625,0.21,0.203125,0.2296875,0.2046875,0.203125,0.1765625,0.2046875,0.2265625, 
1/19/12,1/19/12,0.23,0.2359375,0.1,0.11328125,0.1,0.09765625,0.23,0.22265625,0.2359375,0.21796875,0.22265625,0.19140625,0.21796875,0.221875, 
1/20/12,,,,,,,,,,,,,,,,
1/25/12,1/25/12,0.23,0.2296875,0.1,0.09140625,0.1,0.08125,0.23,0.21875,0.2296875,0.1953125,0.21875,0.18671875,0.1953125,0.209375, 
1/31/12,1/31/12,0.23,0.23203125,0.1,0.09140625,0.1,0.10390625,0.23,0.225,0.23203125,0.20546875,0.225,0.1609375,0.20546875,0.21953125, 
2/6/12,2/6/12,0.23,0.2265625,0.1,0.1,0.12,0.1015625,0.23,0.21875,0.2265625,0.2015625,0.21875,0.1796875,0.2015625,0.2109375, 
2/10/12,,,,,,,,,,,,,,,,
2/16/12,2/16/12,0.17,0.171875,0.08,0.1,0.06,0.0859375,0.17,0.16015625,0.171875,0.1328125,0.16015625,0.109375,0.1328125,0.1859375,Pump was faltering; fixed before leaving
2/22/12,2/22/12,0.23,0.2265625,0.09,0.090625,0.1,0.08671875,0.17,0.17734375,0.2265625,0.2046875,0.17734375,0.11796875,0.2046875,0.20703125, 
2/24/12,,,,,,,,,,,,,,,,
2/28/12,2/28/12,0.23,0.221875,0.1,0.0875,0.1,0.10625,0.23,0.20625,0.221875,0.209375,0.20625,0.15625,0.209375,0.209375, 
3/7/12,3/7/12,0.23,0.21875,0.09,0.078125,0.12,0.096875,0.22,0.19921875,0.21875,0.1890625,0.19921875,0.1125,0.1890625,0.1953125, 
3/9/12,,,,,,,,,,,,,,,,
3/15/12,3/15/12,0.23,0.2296875,0.1,0.0609375,0.1,0.075,0.13,0.0859375,0.2296875,0.209375,0.0859375,0.01875,0.209375,0.209375, 
3/21/12,3/21/12,0.26,,0.1,0.0953125,0.1,0.0890625,0.1,0.0765625,,,0.0765625,0.015625,na,0.13125, 
3/23/12,,,,,,,,,,,,,,,,
3/29/12,3/29/12,0.19,0.11875,0.1,0.0921875,0.1,0.0875,0.1,0.0609375,0.11875,0.10625,0.0609375,0,0.10625,0.08125, 
4/12/12,4/12/12,0,0,0.1,0.078125,0.1,0.071875,0.1,0.0515625,0,0,0.0515625,0,0,0, 
4/13/12,,,,,,,,,,,,,,,,
5/9/12,5/9/12,0.13,0.0984375,0.1,0.06953125,0.12,0.090625,0.17,0.109375,0.0984375,0.0546875,0.109375,0.015625,0.0546875,0.0234375, 
5/11/12,,,,,,,,,,,,,,,,
5/23/12,5/23/12,0.13,0.07734375,0.1,0.0625,0.1,0.075,0.16,0.1078125,0.07734375,0.0296875,0.1078125,0,0.0296875,3.671875,Mixing well water into Bin7 
5/25/12,,,,,,,,,,,,,,,,
5/30/12,5/30/12,0.23,0.18984375,0.1,0.0734375,0.12,0.07890625,0.17,0.1171875,0.18984375,0.1671875,0.1171875,0.01953125,0.1671875,0.1375,Hot day
6/8/12,6/8/12,0.23,0.19140625,0.1,0.06875,0.1,0.0625,0.17,0.171875,0.19140625,0.165625,0.171875,0,0.165625,0.13125,Bin 4 plugged again…doubtful values in red
6/27/12,6/27/12,0.23,0.2125,0.08,0.034375,0.1,0.05,0.23,0.1640625,0.2125,0.1640625,0.1640625,0.09375,0.1640625,0.1234375,Every thing working great
6/28/12,,,,,,,,,,,,,,,,
7/6/12,7/6/12,0.22,0.18125,0.1,0.046875,0.1,0.046875,0.23,,0.18125,0.16875,,0.11328125,0.16875,0.12265625,Bin 1 & 4 backed up
7/11/12,7/11/12,0.23,0.15078125,0.1,0.0484375,0.08,0.046875,0.23,0.1640625,0.15078125,0.0796875,0.1640625,0.0953125,0.0796875,0.0375,"Bin 4 slightly blocked, roto rooted it"
7/13/12,,,,,,,,,,,,,,,,
7/20/12,7/20/12,0.14,0.15,0.1,0.0578125,0.1,0.0578125,0.23,0.29375,0.15,0.11328125,0.29375,0.078125,0.11328125,4.453125,Bin 4 slightly blocked
7/27/12,7/27/12,0.13,0.1015625,0.1,0.046875,0.1,0.0546875,0.22,0.078125,0.1015625,0.0671875,0.078125,0.13125,0.0671875,5.46875,Bin4 & Bin 1 backedup
8/3/12,8/3/12,0.21,0.30859375,0.1,0.046875,0.12,0.065625,0.24,0.16640625,0.30859375,0.015625,0.16640625,0.0796875,0.015625,0,Bin 1 backed up - Bin 4 great
8/8/12,8/8/12,0.17,0.10859375,0.08,0.03359375,0.1,0.0515625,0.24,0.153125,0.10859375,0.05625,0.153125,0.0640625,0.05625,0.8765625,Bin 1 backed up/flushed it
8/15/12,8/15/12,0.17,0.1328125,0.1,0.0609375,0.08,0.05234375,0.23,0.175,0.1328125,0.109375,0.175,0.11953125,0.109375,0.81796875,Bin 7 flowing too much 
8/27/12,8/27/12,0.17,0.13671875,0.12,0.065625,0.13,0.0734375,0.24,0.15625,0.13671875,0.09375,0.15625,0.1015625,0.09375,0.871875,Heavy rains cause of high 7 flow
8/29/12,,,,,,,,,,,,,,,,
9/12/12,9/12/12,0.13,0.109375,0.1,0.0734375,0.1,0.0765625,0.23,0.26328125,0.109375,0.08203125,0.26328125,0.1234375,0.08203125,1.5625,heavy rains previous day
9/19/12,9/19/12,0.21,0.13203125,0.1,0.046875,0.1,0.0625,0.23,0.22109375,0.13203125,0.1015625,0.22109375,0.046875,0.1015625,0.5, 
9/25/12,9/25/12,0.17,0.1046875,0.1,0.028125,0.1,0.0578125,0.23,0.2234375,0.1046875,0.05625,0.2234375,0.01796875,0.05625,2,Bin7 is flowing too much.  Something wrong.
9/26/12,,,,,,,,,,,,,,,,
10/31/12,,,,,,,,,,,,,,,,
11/2/12,11/2/12,0.23,0.1484375,0.1,0.03515625,0.1,0.0546875,0.23,0.15625,0.1484375,0.1234375,0.15625,0.04921875,0.1234375,4.6875,Bin7 is flowing too much.  Something wrong.
11/9/12,11/9/12,0.17,0.0921875,0.09,0.03828125,0.1,0.05390625,0.23,0.15625,0.0921875,0.69375,0.15625,0.0453125,0.69375,0.2859375, 
11/20/12,11/20/12,0.1,0.0453125,0.1,0.0359375,0.1,0.05625,0.23,2.5,0.0453125,0.03125,0.25,0.2125,0.03125,0.015625, 
11/27/12,11/27/12,0.1,0.040625,0.1,0.0453125,0.1,0.0453125,0.1,0.0390625,0.040625,0.03125,0.0390625,0.0359375,0.03125,0.01953125, 
11/28/12,,,,,,,,,,,,,,,,
12/13/12,12/13/12,0.1,0.0515625,0.1,0.065625,0.1,0.0625,0.23,3.947368421,0.0515625,0.046875,0.395,0.09375,0.046875,0.034375, 
12/19/12,12/19/12,0.1,0.0625,0.1,0.046875,0.1,0.07265625,0.14,0.0734375,0.0625,0.06171875,0.0734375,0.03359375,0.06171875,0.0609375, 
1/23/13,1/23/13,0.09,0.05,0.06,0.0359375,0.1,0.0546875,0.12,0.05234375,0.05,0.03984375,0.05234375,0.034375,0.03984375,0.03125, 
2/1/13,2/1/13,0.1,0.0734375,0.05,0.04375,0.09,0.05390625,0.1,0.05078125,0.0734375,0.06953125,0.05078125,0.0484375,0.06953125,0.06640625, 
2/6/13,,,,,,,,,,,,,,,,
2/22/13,2/22/13,0.1,0.0515625,0.04,0.0171875,0.08,0.053125,0.1,0.04375,0.0515625,0.05,0.0171875,0,0.05,0.05,Revamped Bin2 to Bin6
2/27/13,2/27/13,0.1,0.046875,0.08,0.0234375,0.1,0.0546875,0.1,0.03671875,0.046875,0.046875,0.0234375,0.028125,0.046875,0.03984375, 
3/7/13,3/7/13,0.1,0.05625,0.08,0.040625,0.1,0.0546875,0.1,0.0375,0.05625,0.040625,0.040625,0,0.040625,0.0328125, 
3/13/13,,,,,,,,,,,,,,,,
3/15/13,3/15/13,0.16,0.0625,0.16,0.0359375,0.08,0.05,0.08,0.02265625,0.0625,0.05,0.0359375,0.078125,0.05,0.0453125, 
3/22/13,3/22/13,0.14,0.0453125,0.17,0.09921875,0.1,0.05,0.1,0.025,0.0453125,0.028125,0.09921875,0.06875,0.028125,0.0078125, 
3/28/13,3/28/13,0.17,0.0625,0.17,0.12578125,0.09,0.0484375,0.1,0.025,0.0625,0.0421875,0.12578125,0.09296875,0.0421875,0.0234375, 
4/8/13,4/8/13,0.18,0.03125,0.17,0.0203125,0.1,0.04375,0.1,0.015625,0.03125,0,0.0203125,0.03515625,0,0, 
4/24/13,,,,,,,,,,,,,,,,
4/25/13,4/25/13,0.23,0.0921875,0.23,0.071875,0.09,0.03125,0.09,0.003125,0.0921875,0.040625,0.071875,0.0484375,0.040625,0, 
5/1/13,5/1/13,0.22,0.171875,0.23,0.128125,0.1,0.03125,0.12,0.0203125,0.171875,0.1328125,0.128125,0.1171875,0.1328125,0.06953125, 
5/10/13,5/10/13,0.23,0.15703125,0.23,0.07578125,0.1,0.0171875,0.23,0.12734375,0.15703125,0.1375,0.07578125,0.040625,0.1375,0.065625, 
5/14/13,5/14/13,0.26,0.1265625,0.23,0.0609375,0.1,0.01171875,0.22,0.1296875,0.1265625,0.1015625,0.0609375,0.0125,0.1015625,0.03828125, 
5/22/13,5/22/13,0.24,0.103125,0.23,0.1453125,0.1,0.0109375,0.23,0.11328125,0.103125,0.07421875,0.1453125,0.034375,0.07421875,0.06953125, 
5/29/13,,,,,,,,,,,,,,,,
5/31/13,5/31/13,0.23,0.2015625,0.23,0.2609375,0.08,0,0.2,0.1125,0.2015625,0.096875,0.2609375,0.028125,0.096875,0.0265625, 
6/5/13,6/5/13,0.24,0.1890625,0.23,0.296875,0.12,0.0140625,0.23,0.1203125,0.1890625,0.0953125,0.296875,0.03125,0.0953125,0.02734375, 
6/14/13,6/14/13,0.25,0.109375,0.23,0.121875,0.09,0,0.23,0.11875,0.109375,0.053125,0.121875,0,0.053125,0,Hot day
6/19/13,6/19/13,0.23,0.175,0.21,0.2421875,0.08,0.0125,0.23,0.1328125,0.175,0.0875,0.2421875,0.003125,0.0875,0.0390625,Hot Day
6/26/13,6/26/13,0.26,0.234375,0.17,0.21875,0.09,0,0.23,0.125,0.234375,0.0796875,0.21875,0,0.0796875,0.0609375,Hot day
6/29/13,,,,,,,,,,,,,,,,
7/3/13,7/3/13,0.29,0.1140625,0.18,0,0.1,0,0.23,0.10546875,0.1140625,0.003125,0,0,0.003125,0,Very Hot week lots of no flows
7/24/13,7/24/13,0.23,0.0515625,0.14,0.21875,0.17,0.0484375,0.22,0.103125,0.0515625,0,flooded,0,0,0,"Hot & Muggy, recent rains "
7/31/13,,,,,,,,,,,,,,,,
8/7/13,8/7/13,0.23,0.1359375,0.2,0.10390625,0.1,0,0.23,0.125,0.1359375,0.0484375,0.10390625,0.078125,0.0484375,0.0484375, Hot
8/14/13,8/14/13,0.16,0.1234375,0.16,,0.14,0.125,0.21,0.0640625,0.1234375,0.0421875,flooded,0,0.0421875,0.0453125, 
8/21/13,8/21/13,0.17,0.1328125,0.1,,0.21,0.15625,0.21,0.0546875,0.1328125,0.05859375,flooded,0,0.05859375,0.05390625, 
8/28/13,8/28/13,,,,,,,,,,,,,,,
9/4/13,9/4/13,0.17,0.1078125,0.17,0.090625,0.1,0.05,0.13,0.103125,0.1078125,0.034375,0.090625,0.06953125,0.034375,0.03125, 
9/11/13,9/11/13,0.16,0.25,0.17,0.17578125,0.14,0.140625,0.17,0.14375,0.25,0.0984375,0.17578125,0.1984375,0.0984375,0.109375,Heavy rains all week
9/18/13,9/18/13,0.23,0.3046875,0.17,0.0390625,0.1,0.0734375,0.17,0.1046875,0.3046875,0.11953125,0.0390625,0.03125,0.11953125,0.103125,Bin 1 flooded
9/25/13,9/25/13,0.16,0.165625,0.17,0.0609375,0.1,0.0765625,0.17,0.1390625,0.165625,0.0828125,0.0609375,0.1234375,0.0828125,0.065625,Bin 1 flooded
10/17/13,10/17/13,0.14,0.190625,0.14,0.5,0.14,0.1234375,0.2,0.1328125,0.190625,0.075,0.5,0.0078125,0.075,0.06640625,Bin 1 & 2 flooded
10/23/13,10/23/13,0.13,0.04375,0.13,0.40625,0.09,0.06875,0.18,0.1546875,0.04375,0.03125,0.40625,0.27734375,0.03125,0, 
10/30/13,,,,,,,,,,,,,,,,
11/1/13,11/1/13,0.17,0.2578125,0.16,0.1140625,0.14,0.1046875,0.17,0.140625,0.2578125,0.1109375,0.1140625,0.0953125,0.1109375,6.8,Bin 1 flooded
11/6/13,11/6/13,0.17,0.21875,0.17,0.3984375,0.1,0.078125,0.18,0.140625,0.21875,0.12109375,0.3984375,0.2734375,0.12109375,0.10390625,Bins 1 & 2 flooded
12/13/13,12/13/13,0.14,0.0828125,0.16,0.1109375,0.1,0.08828125,0.21,0.109375,0.0828125,0.09375,0.1109375,0.08984375,0.09375,0.084375, 
12/19/13,,,,,,,,,,,,,,,,
12/24/13,12/24/13,0.14,0.18125,0.16,0.128125,0.1,0.078125,0.21,0.034375,,,0.128125,0.109375,,,Bins 1 & 2 flooded
1/10/14,1/10/14,0.17,,0.17,0.09140625,0.1,0.06875,0.17,0.0640625,,,0.09140625,0.109375,,,"Bins 1, 5, & 7 flooded"
1/17/14,1/17/14,0.1,,0.1,0.078125,0.04,0.0625,0.04,0.078125,,,0.078125,0.06171875,,,A little blockage and flooding
1/24/14,1/24/14,0.04,0.0609375,0.1,0.0734375,0.09,0.09375,0.12,0.0921875,0.0609375,0.046875,0.0734375,0.06875,0.046875,0.015625,
1/29/14,1/29/14,0.12,0.065625,0.09,0.0765625,0.12,0.1046875,0.09,0.084375,0.065625,0.065625,0.0765625,0.065625,0.065625,0.0515625,
2/7/14,2/7/14,0.06,0.06796875,0.17,0.1234375,0.12,0.0984375,0.14,0.0921875,0.06796875,0.07734375,0.1234375,0.109375,0.07734375,0.06484375, All bins operating well
2/12/14,2/12/14,0.1,0.071875,0.1,0.061796875,0.14,0.10703125,0.1,0.078125,0.071875,0.0640625,0.061796875,0.053125,0.0640625,0.55, 
2/28/14,2/28/14,0.09,0.0671875,0.05,0.1484375,0.08,0.078125,0.1,0.0765625,0.0671875,0.04921875,0.1484375,0.071875,0.04921875,0.68125,bin 2 blocked up & bin 6 dry because of 2
3/7/14,3/7/14,0.1,0.08203125,,,0.1,0.08984375,0.1,0.0890625,0.08203125,0.0859375,,,0.0859375,0.3546875,bin 2 blocked up 
3/12/14,3/12/14,0.12,0.06796875,,,0.1,0.1046875,0.12,0.06953125,0.06796875,0.0640625,,0.1609375,0.0640625,0.890625, 
3/21/14,3/21/14,0.1,0.0609375,0.1,0.0609375,0.08,0.0859375,0.1,0.0546875,0.0609375,0,0.0609375,0.078125,0,0.1640625, 
3/28/14,3/28/14,0.1,0.075,0.1,0.453125,0.1,0,0.1,0.0671875,0.075,0.0546875,0.453125,0.01875,0.0546875,0.75,"bin 2 dry, total consumption?, turned up to 1.5"
4/18/14,4/18/14,0.1,0.03125,0.1,0,0.09,0.0828125,0.12,0.0671875,0.03125,0.0234375,0,0,0.0234375,0.7,
1/29/15,,,,,,,,,,,,,,,,
4/7/15,,,,,,,,,,,,,,,,
4/19/15,4/19/15,0.15,0.609,0.15,0.117,0.15,0.14,0.15,0.125,0.609,0.125,0.117,0.062,0.125,0.078,
4/26/15,4/26/15,0.15,0.562,0.15,0.093,0.15,0.156,0.15,0.14,0.562,0.125,0.093,0.062,0.125,0.039,
5/3/15,5/3/15,0.15,0.406,0.15,0.14,0.15,0.125,0.15,0.125,0.406,0.117,0.14,0.093,0.117,0.031,
5/10/15,5/10/15,0.15,0.406,0.15,0.14,0.15,0.125,0.15,0.125,0.406,0.117,0.14,0.093,0.117,0.031,
5/12/15,,,,,,,,,,,,,,,,
5/17/15,5/17/15,0.15,0.054,0.15,0.109,0.15,0.125,0.15,0.125,0.054,0.054,0.109,0.078,0.054,0,
5/24/15,5/24/15,0.15,0.218,0.15,0.109,0.15,0.14,0.15,0.203,0.218,0.07,0.109,0.078,0.07,0.023,
5/31/15,5/31/15,0.15,0.437,0.15,0.109,0.15,0.14,0.15,0.125,0.437,0.101,0.109,0.085,0.101,0.085,
6/7/15,6/7/15,0.15,0.078,0.15,0.078,0.15,0.125,0.15,0.109,0.078,0.093,0.078,0.054,0.093,0.023,
6/14/15,6/14/15,0.15,0.078,0.15,0.078,0.15,0.125,0.15,0.109,0.078,0.093,0.078,0.054,0.093,0.023,
6/21/15,6/21/15,0.15,0.562,0.15,0.093,0.15,0.156,0.15,0.14,0.562,0.125,0.093,0.062,0.125,0.039,
6/28/15,6/28/15,0.15,0.188,0.15,0.156,0.15,0.156,0.15,0.178,0.188,0.156,0.156,0.068,0.156,0.141,
6/30/15,,,,,,,,,,,,,,,,
7/5/15,7/5/15,0.2,0.117,0.15,0.054,0.15,0.101,0.15,0.148,0.117,0.109,0.054,0.031,0.109,0.062,
7/12/15,7/12/15,0.2,0.468,0.15,0.078,0.15,0.078,0.15,0.078,0.468,0.078,0.078,0.031,0.078,0.015,
7/19/15,7/19/15,0.2,0.187,0.15,0.07,0.15,0.101,0.15,0.109,0.187,0.062,0.07,0.031,0.062,0.011,
7/26/15,7/26/15,0.2,0.171,0.15,0.039,0.15,0.07,0.15,0.07,0.171,0.039,0.039,0.015,0.039,0.054,
7/30/15,,,,,,,,,,,,,,,,
8/2/15,8/2/15,0.15,0.226,0.15,0.062,0.15,0.109,0.15,0.109,0.226,0.054,0.062,0.015,0.054,0.023,
8/9/15,8/9/15,0.15,0.179,0.15,0.093,0.15,0.109,0.15,0.109,0.179,0.046,0.093,0.046,0.046,0.007,
8/16/15,8/16/15,0.15,0.156,0.15,0.109,0.2,0.125,0.15,0.062,0.156,0.046,0.109,0.046,0.046,0.078,
8/23/15,8/23/15,0.15,0.187,0.15,0.07,0.15,0.101,0.15,0.109,0.187,0.062,0.07,0.031,0.062,0.011,
8/30/15,8/30/15,0.15,0.117,0.15,0.054,0.15,0.101,0.15,0.148,0.117,0.109,0.054,0.031,0.109,0.062,
8/31/15,,,,,,,,,,,,,,,,
9/6/15,9/6/15,0.15,0.453,0.15,0.085,0.15,0.093,0.15,0.007,0.453,0.218,0.085,0.015,0.218,0.039,
9/13/15,9/13/15,0.15,0.093,0.15,0.109,0.15,0.125,0.15,0.109,0.093,0.062,0.109,0.015,0.062,0.046,
9/20/15,9/20/15,0.15,0.179,0.15,0.109,0.15,0.109,0.15,0.117,0.179,0.062,0.109,0.015,0.062,0.078,
9/27/15,9/27/15,0.15,0.242,0.15,0.062,0.15,0.125,0.15,0.109,0.242,0.062,0.062,0.007,0.062,0.015,
10/4/15,10/4/15,0.15,0.218,0.15,0.062,0.15,0.109,0.15,0.109,0.218,0.062,0.062,0.015,0.062,0.015,
10/11/15,10/11/15,0.15,0.218,0.15,0.078,0.15,0.109,0.15,0.07,0.218,0.031,0.078,0.078,0.031,0.078,
10/15/15,,,,,,,,,,,,,,,,
10/18/15,10/18/15,0.15,0.117,0.15,0.109,0.15,0.101,0.15,0.085,0.117,0.031,0.109,0.109,0.031,0.023,
10/25/15,10/25/15,0.15,0.156,0.15,0.156,0.15,0.125,0.15,0.07,0.156,0.132,0.156,0.125,0.132,0.07,
11/1/15,11/1/15,0.15,0.125,0.15,0.125,0.15,0.109,0.15,0.14,0.125,0.125,0.125,0.046,0.125,0.062,
11/8/15,,,,,,,,,,,,,,,,
11/10/15,,,,,,,,,,,,,,,,
11/15/15,,,,,,,,,,,,,,,,
11/18/15,,,,,,,,,,,,,,,,
11/22/15,11/22/15,0.1,0.14,0.1,0.062,0.1,0.07,0.1,0.078,0.14,0.078,0.062,0.046,0.078,0.078,
11/24/15,,,,,,,,,,,,,,,,
11/29/15,,,,,,,,,,,,,,,,
12/6/15,12/6/15,0.1,0.625,0.1,0.062,0.1,0.062,0.1,0.062,0.625,0.25,0.062,0.054,0.25,0.046,
12/7/15,,,,,,,,,,,,,,,,
12/16/15,,,,,,,,,,,,,,,,
12/17/15,12/17/15,0.1,0.171,0.1,0.117,0.1,0.109,0.1,0.062,0.171,0.132,0.117,0.062,0.132,0.062,
12/20/15,12/20/15,0.1,0.078,0.1,0.078,0.1,0.054,0.1,0.078,0.078,0.062,0.078,0.078,0.062,0.093,
12/27/15,12/27/15,0.1,0.078,0.1,0.046,0.1,0.054,0.1,0.101,0.078,0.078,0.046,0.031,0.078,0.078,
12/30/15,,,,,,,,,,,,,,,,
1/3/16,1/3/16,0.1,0.078,0.1,0.046,0.1,0.062,0.1,0.078,0.078,0.078,0.046,0.031,0.078,0.078,
1/4/16,,,,,,,,,,,,,,,,
1/11/16,1/11/16,0.45,1.59,0.45,1,0.45,0.234,0.45,0.5,1.59,0.468,1,0.312,0.468,0.5,
1/17/16,1/17/16,0.44,0.219,0.44,0.5,0.2,0.203,0.42,0.25,0.219,0.438,0.5,0.219,0.438,0.438,
1/22/16,,,,,,,,,,,,,,,,
1/24/16,1/24/16,0.45,0.484,0.35,1.125,0.2,0.21,0.4,0.453,0.484,0.453,1.125,0.171,0.453,0.468,
1/27/16,,,,,,,,,,,,,,,,
1/31/16,1/31/16,0.45,0.484,0.25,0.687,0.2,0.195,0.4,0.406,0.484,0.421,0.687,0.195,0.421,0.468,
2/7/16,2/7/16,0.45,0.453,0.25,0.401,0.35,0.203,0.2,0.25,0.453,0.421,0.401,0.203,0.421,0.453,
2/8/16,,,,,,,,,,,,,,,,
2/17/16,2/17/16,0.45,0.453,0.25,0.401,0.35,0.203,0.2,0.25,0.453,0.421,0.401,0.203,0.421,0.453,
2/18/16,,,,,,,,,,,,,,,,
2/26/16,2/26/16,0.45,,0.25,,0.25,,0.2,,,,,,,,
2/29/16,2/29/16,0.4,0.437,0.25,0.187,0.2,0.187,0.2,0.234,0.437,0.437,0.187,0,0.437,0.437,
3/6/16,,,,,,,,,,,,,,,,
3/9/16,3/9/16,0.4,0.438,0.25,0.25,0.15,0.178,0.25,0.203,0.438,0.406,0.25,0.046,0.406,0.375,
3/13/16,3/13/16,0.4,0.421,0.2,0.187,0.15,0.203,0.275,0.343,0.421,0.406,0.187,0.031,0.406,0.406,
3/17/16,,,,,,,,,,,,,,,,
3/20/16,,,,,,,,,,,,,,,,
3/23/16,3/23/16,0.4,0.359,0.35,0.343,0.2,0.25,0.35,0.406,0.359,0.375,0.343,0.25,0.375,0.343,
3/27/16,,,,,,,,,,,,,,,,
4/3/16,,,,,,,,,,,,,,,,
4/5/16,4/5/16,0.4,0.343,0.35,0.25,0.2,0.265,0.35,0.375,0.343,0.328,0.25,0.234,0.328,0.328,
4/10/16,4/10/16,0.35,0.39,0.3,0.359,0.175,0.281,0.35,0.39,0.39,0.359,0.359,0.25,0.359,0.343,
4/13/16,,,,,,,,,,,,,,,,
4/17/16,,,,,,,,,,,,,,,,
4/24/16,,,,,,,,,,,,,,,,
4/27/16,4/27/16,0.4,0.281,0.4,0.359,0.175,0.234,0.4,0.484,0.281,0.203,0.359,0.093,0.203,0.156,
5/1/16,,,,,,,,,,,,,,,,
5/3/16,5/3/16,0.5,0.375,0.4,0.812,0.2,0.218,0.4,0.406,0.375,0.281,0.812,0.5,0.281,0.187,
5/8/16,,,,,,,,,,,,,,,,
5/11/16,5/11/16,0.5,0.5,0.4,0.343,0.2,0.234,0.4,0.484,0.5,0.437,0.343,0.25,0.437,0.375,
5/15/16,,,,,,,,,,,,,,,,
5/17/16,5/17/16,0.5,0.484,0.4,0.375,0.2,0.156,0.4,0.468,0.484,0.406,0.375,0.25,0.406,0.406,
5/18/16,,,,,,,,,,,,,,,,
5/22/16,,,,,,,,,,,,,,,,
5/25/16,5/25/16,0.55,0.468,0.35,0.359,0.35,0.234,0.55,0.375,0.468,0.312,0.359,0.406,0.312,0.14,
5/29/16,,,,,,,,,,,,,,,,
6/3/16,6/3/16,0.55,0.406,0.35,0.406,0.35,0.312,0.55,0.39,0.406,0.437,0.406,0.437,0.437,0.156,
6/5/16,,,,,,,,,,,,,,,,
6/8/16,6/8/16,0.5,0.437,0.35,0.343,0.2,0.093,0.4,0.375,0.437,0.375,0.343,0.187,0.375,0.343,
6/12/16,,,,,,,,,,,,,,,,
6/15/16,,,,,,,,,,,,,,,,
6/17/16,6/17/16,0.5,0.5,0.35,0.5,0.15,0.015,0.4,0.5,0.5,0.5,0.5,0.14,0.5,0.468,
6/19/16,,,,,,,,,,,,,,,,
6/22/16,6/22/16,0.5,0.421,0.35,0.281,0.1,0.046,0.4,0.375,0.421,0.39,0.281,0.218,0.39,0.375,
6/26/16,,,,,,,,,,,,,,,,
6/30/16,6/30/16,0.5,0.39,0.3,0.187,0.1,0.062,0.4,0.359,0.39,0.375,0.187,0.125,0.375,0.343,
7/3/16,,,,,,,,,,,,,,,,
7/5/16,7/5/16,0.5,0.437,0.3,0.406,0.1,0.015,0.4,0.375,0.437,0.39,0.406,0.125,0.39,0.375,
7/10/16,,,,,,,,,,,,,,,,
7/11/16,7/11/16,0.45,0.406,0.3,0.406,0.2,0.078,0.4,0.437,0.406,0.375,0.406,0.046,0.375,0.375,
7/14/16,7/14/16,,,,,,,,,,,,,,,
7/17/16,,,,,,,,,,,,,,,,
7/18/16,7/18/16,0.45,0.39,0.3,0.187,0.2,0.109,0.4,0.312,0.39,0.359,0.187,0.156,0.359,0.359,
7/24/16,,,,,,,,,,,,,,,,
7/26/16,7/26/16,0.45,0.343,0.3,0.156,0.2,0.156,0.4,0.39,0.343,0.312,0.156,0.125,0.312,0.312,
7/31/16,,,,,,,,,,,,,,,,
8/1/16,8/1/16,0.4,0.281,0.3,0.171,0.2,0.187,0.4,0.281,0.281,0.265,0.171,0.125,0.265,0.265,
8/7/16,,,,,,,,,,,,,,,,
8/8/16,8/8/16,0.4,0.562,0.3,0.203,0.2,0.218,0.4,0.453,0.562,0.437,0.203,0.156,0.437,0.25,
8/14/16,,,,,,,,,,,,,,,,
8/15/16,8/15/16,0.4,0.25,0.3,0.156,0.2,0.218,0.4,0.281,0.25,0.218,0.156,0.109,0.218,0.218,
8/18/16,,,,,,,,,,,,,,,,
8/21/16,,,,,,,,,,,,,,,,
8/24/16,8/24/16,0.4,0.39,0.3,0.281,0.2,0.101,0.3,0.25,0.39,0.375,0.281,0.187,0.375,0.312,
8/28/16,,,,,,,,,,,,,,,,
8/29/16,8/29/16,0.35,0.5,0.3,0.234,0.2,0.109,0.35,0.328,0.5,0.375,0.234,0.14,0.375,0.343,
9/4/16,,,,,,,,,,,,,,,,
9/7/16,9/7/16,0.35,0.453,0.3,0.281,0.2,0.14,0.35,0.406,0.453,0.343,0.281,0.218,0.343,0.39,
9/11/16,,,,,,,,,,,,,,,,
9/12/16,9/12/16,0.35,0.437,0.25,0.218,0.2,0.14,0.35,0.437,0.437,0.343,0.218,0.14,0.343,0.343,
9/18/16,,,,,,,,,,,,,,,,
9/19/16,,,,,,,,,,,,,,,,
9/22/16,9/22/16,0.35,0.468,0.25,0.25,0.1,0.078,0.35,0.281,0.468,0.328,0.25,0.187,0.328,0.343,
9/25/16,,,,,,,,,,,,,,,,
9/26/16,9/26/16,0.35,0.437,0.25,0.234,0.1,0.062,0.3,0.281,0.437,0.343,0.234,0.171,0.343,0.343,
10/2/16,,,,,,,,,,,,,,,,
10/4/16,10/4/16,0.35,0.453,0.25,0.156,0.1,0.054,0.3,0.281,0.453,0.5,0.156,0.093,0.5,0.343,
10/4/16,10/4/16,0.35,0.437,0.25,0.125,0.1,0.046,0.3,0.312,0.437,0.468,0.125,0.062,0.468,0.328,
10/9/16,,,,,,,,,,,,,,,,
10/16/16,,,,,,,,,,,,,,,,
10/18/16,10/18/16,0.35,0.421,0.25,0.312,0.1,0.039,0.3,0.25,0.421,0.437,0.312,0.312,0.437,0.296,
10/20/16,,,,,,,,,,,,,,,,
10/23/16,,,,,,,,,,,,,,,,
10/24/16,10/24/16,0.35,0.39,0.25,0.39,0.1,0.039,0.3,0.281,0.39,0.343,0.39,0.093,0.343,0.335,
10/30/16,,,,,,,,,,,,,,,,
10/31/16,10/31/16,0.4,0.39,0.3,0.281,0.2,0.101,0.3,0.25,0.39,0.375,0.281,0.187,0.375,0.312,
11/6/16,,,,,,,,,,,,,,,,
11/13/16,,,,,,,,,,,,,,,,
11/14/16,11/14/16,0.35,0.39,0.25,0.468,0.1,0.078,0.4,0.343,0.39,0.515,0.468,0.25,0.515,0.343,
11/17/16,,,,,,,,,,,,,,,,
11/20/16,,,,,,,,,,,,,,,,
11/22/16,11/22/16,0.35,0.39,0.2,0.562,0.1,0.062,0.35,0.406,0.39,0.39,0.562,0.406,0.39,0.359,
11/27/16,,,,,,,,,,,,,,,,
12/1/16,12/1/16,0.4,0.39,0.25,0.203,0.1,0.062,0.3,0.296,0.39,0.406,0.203,0.14,0.406,0.328,
12/4/16,,,,,,,,,,,,,,,,
12/6/16,12/6/16,0.35,0.39,0.2,0.14,0.1,0.078,0.35,0.359,0.39,0.437,0.14,0.109,0.437,0.375,
12/11/16,,,,,,,,,,,,,,,,
12/15/16,,,,,,,,,,,,,,,,
12/16/16,12/16/16,0.4,0.351,2.5,0.125,0.1,0.031,0.4,0.242,0.351,0.9375,0.125,0.109,0.9375,0.343,
12/18/16,,,,,,,,,,,,,,,,
12/20/16,12/20/16,0.4,0.375,0.2,0.125,0.2,0.3125,0.3,0.328,0.375,1,0.125,0.0937,1,0.429,
12/25/16,,,,,,,,,,,,,,,,
12/28/16,12/28/16,0.2,0.234,0.2,0.328,0.1,0.062,0.2,0.25,0.234,0.343,0.328,0.125,0.343,0.25,
1/1/17,,,,,,,,,,,,,,,,
1/4/17,1/4/17,0.2,0.234,0.2,0.171,0.1,0.039,0.2,0.218,0.234,0.265,0.171,0.109,0.265,0.234,
1/8/17,,,,,,,,,,,,,,,,
1/10/17,1/10/17,0.2,0.234,0.2,0.25,0.1,0.031,0.2,0.218,0.234,0.281,0.25,0.078,0.281,0.218,
1/15/17,,,,,,,,,,,,,,,,
1/18/17,1/18/17,0.2,0.218,0.2,0.281,0.1,0.07,0.2,0.218,0.218,0.281,0.281,0.054,0.281,0.218,
1/22/17,,,,,,,,,,,,,,,,
1/29/17,,,,,,,,,,,,,,,,
1/30/17,1/30/17,0.2,0.234,0.2,0.375,0.1,0.031,0.2,0.234,0.234,0.531,0.375,0.343,0.531,0.218,
2/5/17,,,,,,,,,,,,,,,,
2/8/17,2/8/17,0.2,0.218,0.2,0.234,0.1,0.031,0.2,0.203,0.218,0.593,0.234,0.156,0.593,0.218,
2/12/17,,,,,,,,,,,,,,,,
2/13/17,2/13/17,0.2,0.218,0.2,0.203,0.1,0.062,0.2,0.25,0.218,0.531,0.203,0.171,0.531,0.218,
2/19/17,,,,,,,,,,,,,,,,
2/21/17,2/21/17,0.2,0.219,0.2,0.234,0.1,0.125,0.2,0.219,0.219,0.75,0.234,0.14,0.75,0.234,
2/26/17,,,,,,,,,,,,,,,,
2/27/17,2/27/17,0.2,0.218,0.2,0.187,0.1,0.054,0.2,0.203,0.218,0.312,0.187,0.14,0.312,0.218,
3/5/17,,,,,,,,,,,,,,,,
3/12/17,,,,,,,,,,,,,,,,
3/13/17,3/13/17,0.2,0.218,0.2,0.187,0.1,0.046,0.2,0.187,0.218,0.375,0.187,0.156,0.375,0.203,
3/17/17,3/17/17,0.2,0.218,0.2,0.171,0.1,0.046,0.2,0.187,0.218,0.406,0.171,0.156,0.406,0.203,
3/19/17,,,,,,,,,,,,,,,,
3/21/17,3/21/17,0.2,0.171,0.2,0.179,0.1,0.078,0.2,0.171,0.171,0.125,0.179,0.132,0.125,0.148,
3/26/17,,,,,,,,,,,,,,,,
3/29/17,3/29/17,0.2,0.187,0.2,0.203,0.1,0.07,0.2,0.25,0.187,0.14,0.203,0.14,0.14,0.14,
3/30/17,,,,,,,,,,,,,,,,
4/2/17,,,,,,,,,,,,,,,,
4/3/17,4/3/17,0.2,0.187,0.2,0.187,0.1,0.085,0.2,0.25,0.187,0.156,0.187,0.156,0.156,0.156,
4/9/17,,,,,,,,,,,,,,,,
4/10/17,4/10/17,0.2,0.218,0.2,0.218,0.1,0.078,0.2,0.187,0.218,0.187,0.218,0.187,0.187,0.203,
4/13/17,,,,,,,,,,,,,,,,
4/16/17,,,,,,,,,,,,,,,,
4/17/17,4/17/17,0.2,0.156,0.2,0.203,0.1,0.156,0.2,0.187,0.156,0.125,0.203,0.171,0.125,0.14,
4/23/17,,,,,,,,,,,,,,,,
4/24/17,4/24/17,0.2,0.125,0.2,0.234,0.1,0.062,0.2,0.156,0.125,0.093,0.234,0.187,0.093,0.093,
4/30/17,,,,,,,,,,,,,,,,
5/1/17,5/1/17,0.25,0.25,0.25,0.359,0.1,0.062,0.2,0.218,0.25,0.218,0.359,0.375,0.218,0.203,
5/7/17,,,,,,,,,,,,,,,,
5/8/17,5/8/17,0.25,0.156,0.25,0.25,0.1,0.046,0.2,0.203,0.156,0.14,0.25,0.25,0.14,0.125,
5/8/17,,,,,,,,,,,,,,,,
5/14/17,,,,,,,,,,,,,,,,
5/15/17,5/15/17,0.25,0.14,0.25,0.234,0.1,0.046,0.2,0.203,0.14,0.109,0.234,0.234,0.109,0.109,
5/18/17,,,,,,,,,,,,,,,,
5/22/17,5/22/17,0.25,0.25,0.25,0.25,0.1,0.046,0.2,0.203,0.25,0.187,0.25,0.187,0.187,0.156,
5/28/17,5/28/17,0.25,0.406,0.25,0.187,0.1,0.062,0.2,0.171,0.406,0.187,0.187,0.14,0.187,0.156,
5/31/17,,,,,,,,,,,,,,,,
6/4/17,6/4/17,0.25,0.484,0.25,0.187,0.1,0.156,0.2,0.171,0.484,0.187,0.187,0.156,0.187,0.171,
6/5/17,,,,,,,,,,,,,,,,
6/11/17,6/11/17,0.25,0.312,0.25,0.14,0.1,0.031,0.2,0.14,0.312,0.14,0.14,0.125,0.14,0.109,
6/13/17,,,,,,,,,,,,,,,,
6/18/17,6/18/17,0.25,0.328,0.5,0.031,0.25,0.031,0.25,0.156,0.328,0.296,0.031,0,0.296,0.25,
6/19/17,,,,,,,,,,,,,,,,
6/22/17,,,,,,,,,,,,,,,,
6/25/17,6/25/17,0.25,0.39,0.45,0.328,0.25,0.25,0.2,0.171,0.39,0.343,0.328,0.343,0.343,0.25,
6/26/17,,,,,,,,,,,,,,,,
7/2/17,7/2/17,0.25,0.25,0.45,0.25,0.3,0.218,0.2,0.234,0.25,0.25,0.25,0.25,0.25,0.85,
7/5/17,,,,,,,,,,,,,,,,
7/9/17,7/9/17,0.25,0.25,0.35,0.25,0.3,0.226,0.25,0.25,0.25,0.242,0.25,0.234,0.242,0.148,
7/11/17,,,,,,,,,,,,,,,,
7/16/17,7/16/17,0.25,0.375,0.4,0.406,0.15,0.187,0.2,0.468,0.375,0.343,0.406,0.375,0.343,0.218,
7/18/17,,,,,,,,,,,,,,,,
7/20/17,,,,,,,,,,,,,,,,
7/26/17,,,,,,,,,,,,,,,,
7/23/17,7/23/17,0.25,0.406,0.4,0.531,0.15,0.171,0.2,0.406,0.406,0.375,0.531,0.281,0.375,0.218,
7/30/17,7/30/17,0.25,0.375,0.3,0.234,0.15,0.156,0.2,0.234,0.375,0.234,0.234,0.156,0.234,0.171,
7/31/17,,,,,,,,,,,,,,,,
8/6/17,8/6/17,0.25,0.343,0.3,0.25,0.15,0.156,0.2,0.312,0.343,0.156,0.25,0.218,0.156,0.125,
8/7/17,,,,,,,,,,,,,,,,
8/13/17,8/13/17,0.25,0.171,0.25,0.093,0.15,0.156,0.2,0.187,0.171,0.14,0.093,0.062,0.14,0.125,
8/15/17,,,,,,,,,,,,,,,,
8/20/17,8/20/17,0.25,0.14,0.2,0.125,0.15,0.14,0.25,0.156,0.14,0.125,0.125,0,0.125,0.093,
8/23/17,,,,,,,,,,,,,,,,
8/27/17,8/27/17,0.25,0.218,0.2,0.14,0.15,0.14,0.25,0.171,0.218,0.187,0.14,0.125,0.187,0.156,
8/28/17,,,,,,,,,,,,,,,,
9/3/17,9/3/17,0.2,0.187,0.2,0.203,0.15,0.14,0.2,0.281,0.187,0.125,0.203,0.117,0.125,0.093,
9/7/17,,,,,,,,,,,,,,,,
9/10/17,9/10/17,0.2,0.218,0.2,0.078,0.15,0.14,0.2,0.218,0.218,0.203,0.078,0.039,0.203,0.078,
9/11/17,,,,,,,,,,,,,,,,
9/17/17,9/17/17,0.2,0.359,0.2,0.046,0.15,0.14,0.2,0.234,0.359,0.156,0.046,0.046,0.156,0.07,
9/19/17,,,,,,,,,,,,,,,,
9/24/17,9/24/17,0.2,0.359,0.2,0.156,0.15,0.156,0.2,0.187,0.359,0.125,0.156,0.171,0.125,0.093,
10/1/17,10/1/17,0.2,0.14,0.2,0.187,0.15,0.125,0.2,0.203,0.14,0.093,0.187,0.14,0.093,0.078,