,,,,,,,,,,,,,,,,,,,,,,,,,,,,,,,,,,,,,,,,,,,,,,,,,,,,,,,,
,RO Concentrate,,,,,,,Bin 1,,,,,,,Bin 2,,,,,,,Bin 3,,,,,,,Bin 4,,,,,,,Bin 5,,,,,,,Bin 6,,,,,,,Bin 7,,,,,,
,,,,,,,,,,,,,,,,,,,,,,,,,,,,,,,,,,,,,,,,,,,,,,,,,,,,,,,,
Date,Brine Conductivity S/m,Brine Conductivity µS/cm,Brine DO mg/L,Brine ORP,Brine pH,Brine Temp. Celsius,Brine H2S mg/l,Bin 1 Conductivity S/m,Bin 1 Conductivity µS/cm,Bin 1 DO mg/L,Bin 1 ORP,Bin 1 pH,Bin 1 Temp. Celsius,Bin 1 H2S mg/L,Bin 2 Conductivity ,Bin 2 Conductivity µS/cm,Bin 2 DO mg/L,Bin 2 ORP,Bin 2 pH,Bin 2 Temp. Celsius,Bin 2 H2S mg/L,Bin 3 Conductivity S/m,Bin 3 Conductivity µS/cm,Bin 3 DO mg/L,Bin 3 ORP,Bin 3 pH,Bin 3 Temp. Celsius,Bin 3 H2S mg/L,Bin 4 Conductivity S/m,Bin 4 Conductivity µS/cm,Bin 4 DO mg/L,Bin 4 ORP,Bin 5 pH,Bin 4 Temp. Celsius,Bin 4 H2S mg/L,Bin 5 Conductivity S/m,Bin 5 Conductivity µS/cm,Bin 5 DO mg/L,Bin 5 ORP,Bin 5 pH2,Bin 5 Temp. Celsius,Bin 5 H2S mg/L,Bin 6 Conductivity S/m,Bin 6 Conductivity µS/cm,Bin 6 DO mg/L,Bin 6 ORP,Bin 6 pH,Bin 6 Temp. Celsius,Bin 6 H2S mg/L,Bin 7 Conductivity S/m,Bin 7 Conductivity µS/cm,Bin 7 DO mg/L,Bin 7 ORP,Bin 7 pH,Bin 7 Temp. Celsius,Bin 7 H2S mg/L
,,,,,,,,,,,,,,,,,,,,,,,,,,,,,,,,,,,,,,,,,,,,,,,,,,,,,,,,
,,,,,,,,,,,,,,,,,,,,,,,,,,,,,,,,,,,,,,,,,,,,,,,,,,,,,,,,
,,,,,,,,,,,,,,,,,,,,,,,,,,,,,,,,,,,,,,,,,,,,,,,,,,,,,,,,
,,,,,,,,,,,,,,,,,,,,,,,,,,,,,,,,,,,,,,,,,,,,,,,,,,,,,,,,
,,,,,,,,,,,,,,,,,,,,,,,,,,,,,,,,,,,,,,,,,,,,,,,,,,,,,,,,
,,,,,,,,,,,,,,,,,,,,,,,,,,,,,,,,,,,,,,,,,,,,,,,,,,,,,,,,
,,,,,,,,,,,,,,,,,,,,,,,,,,,,,,,,,,,,,,,,,,,,,,,,,,,,,,,,
,,,,,,,,,,,,,,,,,,,,,,,,,,,,,,,,,,,,,,,,,,,,,,,,,,,,,,,,
,,,,,,,,,,,,,,,,,,,,,,,,,,,,,,,,,,,,,,,,,,,,,,,,,,,,,,,,
,,,,,,,,,,,,,,,,,,,,,,,,,,,,,,,,,,,,,,,,,,,,,,,,,,,,,,,,
,,,,,,,,,,,,,,,,,,,,,,,,,,,,,,,,,,,,,,,,,,,,,,,,,,,,,,,,
,,,,,,,,,,,,,,,,,,,,,,,,,,,,,,,,,,,,,,,,,,,,,,,,,,,,,,,,
,,,,,,,,,,,,,,,,,,,,,,,,,,,,,,,,,,,,,,,,,,,,,,,,,,,,,,,,
,,,,,,,,,,,,,,,,,,,,,,,,,,,,,,,,,,,,,,,,,,,,,,,,,,,,,,,,
,,,,,,,,,,,,,,,,,,,,,,,,,,,,,,,,,,,,,,,,,,,,,,,,,,,,,,,,
,,,,,,,,,,,,,,,,,,,,,,,,,,,,,,,,,,,,,,,,,,,,,,,,,,,,,,,,
,,,,,,,,,,,,,,,,,,,,,,,,,,,,,,,,,,,,,,,,,,,,,,,,,,,,,,,,
,,,,,,,,,,,,,,,,,,,,,,,,,,,,,,,,,,,,,,,,,,,,,,,,,,,,,,,,
,,,,,,,,,,,,,,,,,,,,,,,,,,,,,,,,,,,,,,,,,,,,,,,,,,,,,,,,
,,,,,,,,,,,,,,,,,,,,,,,,,,,,,,,,,,,,,,,,,,,,,,,,,,,,,,,,
12/14/10,,9374,,9,7.5,23.3,,,9356,,35,7.27,20.5,,,,,,,,,,9401,,49,7.17,19.5,,,9883,,-230,7.26,18.5,,,9637,,-46,7.11,19.1,,,10560,,-132,7.25,16.6,,,9994,,3,7.68,15.7,
,,,,,,,,,,,,,,,,,,,,,,,,,,,,,,,,,,,,,,,,,,,,,,,,,,,,,,,,
,,,,,,,,,,,,,,,,,,,,,,,,,,,,,,,,,,,,,,,,,,,,,,,,,,,,,,,,
1/5/11,,9262,,204,7.6,22.3,,,9186,,205,7.37,14.8,,,,,,,,,,9196,,201,7.32,13.4,,,9191,,-192,7.43,12,,,9328,,-23,7.31,12.1,,,9286,,-8,7.4,9.7,,,9542,,38,7.75,8.4,
,,,,,,,,,,,,,,,,,,,,,,,,,,,,,,,,,,,,,,,,,,,,,,,,,,,,,,,,
,,,,,,,,,,,,,,,,,,,,,,,,,,,,,,,,,,,,,,,,,,,,,,,,,,,,,,,,
,,,,,,,,,,,,,,,,,,,,,,,,,,,,,,,,,,,,,,,,,,,,,,,,,,,,,,,,
1/13/11,,9608,,204,7.5,25.9,,,9841,,200,7.3,23,,,,,,,,,,9852,,183,7.32,22.5,,,9940,,-205,7.43,19.8,,,9738,,-15,7.2,20.6,,,9544,,9,7.4,20.6,,,9584,,41,7.75,20.3,
1/20/11,,9174,,180,7.57,24,,,9262,,183,7.33,18.1,,,,,,,,,,9416,,182,7.28,16.6,,,9573,,-232,7.35,14.9,,,9495,,-71,7.32,16.3,,,9812,,-19,7.36,13.4,,,9850,,9,7.77,12.5,
,,,,,,,,,,,,,,,,,,,,,,,,,,,,,,,,,,,,,,,,,,,,,,,,,,,,,,,,
1/24/11,,8582,,188,7.5,24.2,,,9143,,188,7.3,17.8,,,,,,,,,,9343,,178,7.28,17.3,,,9440,,-238,7.3,13.8,,,9454,,-90,7.26,15.7,,,10010,,-39,7.34,12.6,,,9952,,37,7.83,13.2,
,,,,,,,,,,,,,,,,,,,,,,,,,,,,,,,,,,,,,,,,,,,,,,,,,,,,,,,,
,,,,,,,,,,,,,,,,,,,,,,,,,,,,,,,,,,,,,,,,,,,,,,,,,,,,,,,,
,,,,,,,,,,,,,,,,,,,,,,,,,,,,,,,,,,,,,,,,,,,,,,,,,,,,,,,,
,,,,,,,,,,,,,,,,,,,,,,,,,,,,,,,,,,,,,,,,,,,,,,,,,,,,,,,,
,,,,,,,,,,,,,,,,,,,,,,,,,,,,,,,,,,,,,,,,,,,,,,,,,,,,,,,,
2/4/11,,7952,,227,7.47,24.5,,,8976,,221,7.32,19,,,,,,,,,,9083,,209,7.32,17.8,,,9645,,-234,7.33,16.8,,,9295,,-124,7.31,15.4,,,9651,,-172,7.32,15.4,,,9731,,-44,7.88,15.2,
,,,,,,,,,,,,,,,,,,,,,,,,,,,,,,,,,,,,,,,,,,,,,,,,,,,,,,,,
2/11/11,,8196,,189,7.6,25.9,,,8705,,181,7.49,19.4,,,,,,,,,,8556,,181,7.48,18.9,,,8641,,-216,7.46,18,,,9098,,-53,7.54,19.8,,,9509,,-27,7.46,20.2,,,10680,,-9,7.92,20.2,
,,,,,,,,,,,,,,,,,,,,,,,,,,,,,,,,,,,,,,,,,,,,,,,,,,,,,,,,
2/22/11,,7837,,200,7.56,26.4,,,8640,,194,7.3,18.8,,,,,,,,,,8682,,191,7.29,18.8,,,9138,,-257,7.29,18.2,,,9129,,-62,7.34,16.3,,,9664,,-81,7.26,17.1,,,10070,,-15,7.82,18.9,
3/2/11,,7978,6.79,190,7.5,24.6,,,8556,3.63,187,7.29,18.7,,,,,,,,,,8561,3.75,185,7.28,18.7,,,8721,1.74,-257,7.24,16.1,,,9106,4.33,-140,7.29,17.5,,,9363,2.45,-127,7.29,16.9,,,9834,8.13,-30,7.85,18.1,
3/9/11,,7823,6.79,110,7.54,26.7,,,8853,2.94,-80,7.26,16.8,,,,,,,,,,8783,7.2,-116,7.26,17.3,,,8374,7.7,-271,7.2,17.3,,,9168,3.01,28,7.15,17.8,,,9243,7.43,-44,7.18,15.7,,,10620,7.65,0,7.84,17.8,
3/11/11,,7863,6.42,180,7.53,27.7,,,8336,4.44,185,7.24,27,,,,,,,,,,8610,6.55,176,7.23,25.9,,,8100,2.66,-270,7.16,25.5,,,8821,6.8,-69,7.2,25,,,8953,6.12,-152,7.22,26.7,,,10030,6.12,-55,7.71,26.7,
3/18/11,,8048,6.28,152,7.54,29.4,,,8363,4.62,158,7.33,26.3,,,,,,,,,,8969,4.74,160,7.28,27.2,,,8192,4.14,-255,7.13,28.1,,,8755,5.08,-126,7.21,26.6,,,9280,4.5,-205,7.19,25.9,,,9893,6.74,-65,7.85,27.6,
3/25/11,,8123,7.38,153,7.49,27,,,8313,5.75,161,7.29,21.9,,,,,,,,,,8815,4.31,159,7.23,22.3,,,8199,4.59,-247,7.95,22.3,,,8745,3.79,-123,7.17,20.2,,,9192,4.72,-212,7.14,21.4,,,9421,7.65,-41,7.8,21.5,
,,,,,,,,,,,,,,,,,,,,,,,,,,,,,,,,,,,,,,,,,,,,,,,,,,,,,,,,
4/8/11,,7900,,178,7.56,26.8,,,8340,,175,7.34,22.2,,,,,,,,,,8852,,165,7.42,19.7,,,8001,3.22,-285,7.26,19.4,,,8802,,-186,7.23,20.2,,,9306,,-242,7.15,19.2,,,9849,,-76,7.91,18.5,
4/20/11,,9776,6.68,201,7.49,26.3,,,10780,3.26,179,7.27,26.4,,,,,,,,,,9855,3.19,164,7.25,27.1,,,8248,1.45,-274,7.17,27.3,,,10090,2.86,-198,7.15,26.7,,,9865,2.04,-245,7.19,27.7,,,10330,6.66,-122,7.7,27.7,
5/2/11,,10460,6.62,174,7.49,26.4,,,10690,2.81,153,7.38,20.5,,,,,,,,,,10990,2.25,145,7.15,22.2,,,10040,1.44,-274,7.11,22.5,,,11460,2.53,-258,7.7,21.1,,,11460,2.04,-258,7.16,21.1,,,12300,6.66,-99,7.7,19.4,
,,,,,,,,,,,,,,,,,,,,,,,,,,,,,,,,,,,,,,,,,,,,,,,,,,,,,,,,
5/9/11,,10640,6.51,201,7.48,21.9,,,11480,3.38,176,7.31,22.7,,,,,,,,,,11970,3.62,170,7.09,22.2,,,10630,0.15,-286,7.07,22,,,11950,2.03,-178,7.1,23.1,,,12510,0.86,-281,7.13,23.2,,,13200,7.67,-100,7.67,22.4,
5/16/11,,10060,6.4,-6,7.46,28,,,10950,2.06,-93,7.22,26.6,,,,,,,,,,11930,3.83,-124,7.11,27.1,,,10520,0.2,-326,6.92,27.1,,,11700,1.95,-98,7.14,27.5,,,12700,0.31,-269,7,26.5,,,13330,5.71,10,7.51,24.6,
5/20/11,,9862,6.08,135,7.6,27.5,,,10920,2.45,-54,7.27,24.6,,,,,,,,,,11540,2.63,-70,7.05,25.3,,,10440,0.34,-349,7.04,24.7,,,11870,2.42,-91,7.08,24.4,,,12830,0.09,-310,7.01,27.6,,,13260,6.7,139,7.65,23.5,
5/27/11,,10290,6.07,144,7.45,28.4,,,11690,4.43,156,7.09,26.4,,,,,,,,,,11480,4.97,150,6.98,27.1,,,10380,0.19,-341,6.99,28,,,12350,1.37,-160,6.99,27.1,,,13320,0.93,-287,7,27.4,,,13570,5.84,-117,7.56,24.8,
6/3/11,,9080,5.9,-29,7.78,28.9,,,10870,2.2,-92,7.29,26.8,,,,,,,,,,11520,2.2,-153,7.23,28.8,,,10380,0.54,-344,7.23,28.2,,,12080,3.55,-125,7.34,28.1,,,13520,0.81,-284,7.11,27.4,,,14010,5.81,123,7.61,27.1,
,,,,,,,,,,,,,,,,,,,,,,,,,,,,,,,,,,,,,,,,,,,,,,,,,,,,,,,,
6/10/11,,8910,5.79,21,7.6,29.3,,,10039,3,0.79,7.26,28.6,,,,,,,,,,10096,1.18,-148,7.04,29.3,,,9752,0.18,-316,7.13,30.2,,,11004,2.67,-117,7.11,29.3,,,13088,0.15,-265,7.03,28.1,,,13094,5.8,136,7.57,26.6,
6/17/11,,8615,5.7,61,7.59,30.2,,,9928,4.46,24,7.36,31.3,,,,,,,,,,10080,2.08,-16,7.02,29.5,,,9853,0.29,-281,7.02,30.5,,,,,,,,,,11910,1.66,-163,7.12,27.7,,,,,,,,
6/24/11,,9758,5.8,24,7.94,27.4,,,10190,1.98,-17,7.29,30.4,,,,,,,,,,10790,1.9,13,7.32,29.8,,,9545,0.12,-347,7.38,30.5,,,10990,3.46,-74,7.37,30.4,,,12240,0.11,-258,7.28,30.8,,,13350,5.23,115,7.59,30.6,
7/1/11,,9155,5.63,-58,7.61,30,,,9976,1.96,-137,7.3,31.6,,16680,,0.11,-364,6.67,28.6,,,10410,2.22,-46,7.23,32,,,9269,0.2,-324,7.22,32.4,,,11030,1.65,-31,7.69,31.4,,,11530,0.16,-284,7.18,30.8,,,13240,5.15,126,7.69,28.2,
7/8/11,,8980,5.42,-6,7.55,30.3,,,10200,2.24,-106,7.28,32.2,,15110,,0.16,-394,6.99,32.5,,,10860,3.45,-67,7.11,34.3,,,9418,0.19,-340,7.16,34.4,,,11240,1.82,-122,7.13,34,,,11890,0.15,-279,7.09,32.7,,,13300,5.65,14.3,7.52,31.2,
7/15/11,,9056,5.35,-107,7.57,29.9,,,10240,2.06,-215,7.22,31,,16500,,0.07,-364,7.04,29,,,10800,1.51,-133,7.03,32.4,,,9550,0.16,-314,7.16,32.9,,,11270,1.91,-129,7.07,32.3,,,11830,0.22,-261,7.06,30,,,13480,6.06,153,7.41,28.1,
7/22/11,,9179,5.34,138,7.55,29.6,,,10340,2.08,142,7.32,32.1,,17130,,0.11,-361,7.15,31.9,,,10990,2.28,-169,7.01,33.8,,,9637,0.17,-313,7.06,35,,,12020,1.35,-182,7.07,32.5,,,12020,0.22,-272,7.14,32.8,,,9179,5.54,138,7.6,32,
,,,,,,,,,,,,,,,,,,,,,,,,,,,,,,,,,,,,,,,,,,,,,,,,,,,,,,,,
,,,,,,,,,,,,,,,,,,,,,,,,,,,,,,,,,,,,,,,,,,,,,,,,,,,,,,,,
7/29/11,,8812,7.75,65,7.51,30,,,9715,2.81,41,7.5,31.3,,14540,,0.12,-383,7.12,31.1,,,10300,2.52,31,6.98,33.4,,,9197,0.18,-333,7.21,33.8,,,10850,2.26,-53,7.14,33.4,,,11820,0.53,-249,7.26,31.6,,,13300,8.18,88,7.52,28.7,
,,,,,,,,,,,,,,,,,,,,,,,,,,,,,,,,,,,,,,,,,,,,,,,,,,,,,,,,
,,,,,,,,,,,,,,,,,,,,,,,,,,,,,,,,,,,,,,,,,,,,,,,,,,,,,,,,
8/5/11,,8767,8.12,-92,7.76,31.2,,,9746,2.98,-16,7.42,33.9,,14220,,0.22,-364,7.11,34.7,,,10440,2.98,-83,7.04,35,,,9200,0.32,-326,7.2,36,,,10770,3.02,-70,7.05,35.5,,,12070,0.28,-244,7.1,34.1,,,12960,8.73,132,7.53,32.5,
,,,,,,,,,,,,,,,,,,,,,,,,,,,,,,,,,,,,,,,,,,,,,,,,,,,,,,,,
8/10/11,,8857,6.4,-69,7.87,30,,,9675,2.52,-84,7.36,33.2,,12590,,0.08,-375,7.13,33.1,,,10150,5.68,-140,7.06,34.6,,,9245,0.22,-294,7.15,34.8,,,10550,3.21,-76,7.21,35.3,,,11830,0.49,-259,7.12,32.6,,,12590,6.61,168,7.58,29.3,
8/18/11,,8880,6.66,-33,7.49,31.6,,,9771,2.39,-77,7.3,34.6,,12130,,0.12,-380,7.09,37,,,10150,2.46,-47,7.05,35.8,,,11450,0.2,-271,7.19,33.5,,,10650,2.51,62,7.23,36.3,,,13950,1.94,-167,7.14,35.1,,,12440,8.72,115,7.5,32.8,
8/26/11,,8665,6.18,-65,7.82,31.1,,,9717,2.49,-125,7.36,33.9,,11680,,0.13,-368,7.07,35.5,,,10060,2.36,-167,7.17,35.3,,,10640,0.16,-311,7.29,34.5,,,10600,3.81,120,7.18,35.7,,,,,,,,,,12590,5.76,118,7.59,33.4,
9/2/11,,9155,6.96,177,7.55,28.3,,,9789,3.53,164,7.27,32.7,,11640,,0.13,-343,6.99,31.7,,,10180,2.64,-171,7.05,33.5,,,9580,0.1,-306,7.05,34.1,,,10740,1.73,-170,7.14,34.6,,,13510,0.3,-284,7.06,32.8,,,12460,7.17,-158,7.52,29.3,
9/9/11,,8890,6.81,-132,7.77,29.7,,,9690,2.97,-203,7.4,29.7,,10900,,0.09,-359,7.04,32.5,,,10050,3.77,-171,7.24,32.5,,,9417,0.1,-294,7.13,32.8,,,10600,2.83,-116,7.38,32.7,,,12420,0.15,-234,7.22,30.6,,,12380,6.75,64,7.53,28.2,
,,,,,,,,,,,,,,,,,,,,,,,,,,,,,,,,,,,,,,,,,,,,,,,,,,,,,,,,
9/16/11,,8854,5.98,-134,7.66,30.3,,,9545,3.15,-228,7.2,30.6,,10550,,0.09,-355,7,34.8,,,9931,2.21,-145,7.05,32.4,,,10890,0.12,-272,7.18,31,,,10290,2.54,-116,7.13,31.1,,,12580,1.22,-216,7.15,29.8,,,11660,8.59,151,7.63,31.2,
9/22/11,,8168,9.77,-121,7.67,30.2,,,9299,4.36,-243,7.3,30.3,,10430,,0.11,-339,6.99,34.4,,,9854,6.23,-139,7.09,31.4,,,9932,0.27,-255,7.13,30,,,10160,3.62,-86,7.09,31.1,,,13160,2.71,-146,7.15,28.3,,,11550,14.86,160,7.63,30.5,
,,,,,,,,,,,,,,,,,,,,,,,,,,,,,,,,,,,,,,,,,,,,,,,,,,,,,,,,
9/29/11,,9034,8.28,-90,7.65,29.6,,,9438,2.77,-139,7.37,29.6,,10060,,0.05,-333,6.93,33.3,,,9667,3.02,-138,7.08,31,,,9937,0.08,-251,7.19,29.4,,,9845,3.99,145,7.12,30.7,,,,,,,,,,11060,11,152,7.53,29.9,
10/6/11,,9982,8.14,-126,7.55,27.6,,,9772,2.84,-204,7.32,25.8,,10740,,0.09,-319,7.03,27,,,10660,2.89,-130,7.16,26.6,,,9820,0.03,-241,7.25,26.1,,,10650,2.24,-101,7.13,27.1,,,13120,0.83,-190,7.12,24.6,,,12330,8.76,150,7.66,23.1,
,,,,,,,,,,,,,,,,,,,,,,,,,,,,,,,,,,,,,,,,,,,,,,,,,,,,,,,,
10/13/11,,9135,8.02,-121,7.59,29.1,,,9645,2.64,-229,7.24,27,,9963,,0.13,-336,7.01,29.6,,,9871,2.39,-111,7.05,27,,,9627,0.96,-231,7.18,25.9,,,10240,2.9,-89,7.1,26.7,,,11570,2.17,-140,7.1,24.9,,,10730,10.54,130,7.34,27.6,
,,,,,,,,,,,,,,,,,,,,,,,,,,,,,,,,,,,,,,,,,,,,,,,,,,,,,,,,
10/20/11,,9284,9.79,-144,7.52,28.8,,,9796,3.39,-233,7.18,27.3,,10360,,0.14,-316,6.93,28.7,,,10030,4.25,-119,7.05,26.8,,,9692,2.17,-231,7.16,26.4,,,10190,2.91,-92,7.04,27.1,,,11960,3.15,-118,7.11,25,,,11250,13.02,136,7.04,28,
10/25/11,,9306,7.94,-158,7.55,28.4,,,9690,3.39,-238,7.12,26.9,,10290,,0.34,-312,6.97,28.3,,,10050,3.51,-97,7.09,26.5,,,10940,1.06,-173,7.22,26.6,,,10160,3.05,-132,7.1,26.6,,,12000,1.73,-190,7,24.4,,,10880,10.3,158,7.59,25.6,
,,,,,,,,,,,,,,,,,,,,,,,,,,,,,,,,,,,,,,,,,,,,,,,,,,,,,,,,
11/1/11,,11070,6.25,-140,7.5,27,,,9502,2.67,-201,7.3,24.9,,9962,,0.71,-301,7.07,25.7,,,9912,3.68,-141,7.13,24.1,,,10120,2.66,-219,7.23,22.8,,,9942,4.24,-69,7.14,23.9,,,12040,3.96,-106,7.02,21.9,,,10660,7.51,156,7.51,22,
11/8/11,,9164,6.69,-160,7.63,26,,,9796,3.14,-224,7.27,20,,9925,,0.79,-265,7.09,19.5,,,9741,4.38,-104,7.18,19.1,,,10240,3.72,-171,7.25,18.2,,,10270,4.25,-21,7.15,18.7,,,11920,4.42,-40,7.1,17,,,10660,9.25,187,7.63,16.3,
11/17/11,,9976,4.16,-140,7.59,26.9,,,9390,2.12,-225,7.3,22,,9846,,0.89,-273,7.1,21.8,,,9813,2.65,-64,7.12,20.1,,,9966,2,-124,7.23,20.2,,,9798,2.44,-16,7.2,20.8,,,11020,3.69,-45,7.27,22.3,,,10180,7.71,166,7.34,23.4,
,,,,,,,,,,,,,,,,,,,,,,,,,,,,,,,,,,,,,,,,,,,,,,,,,,,,,,,,
11/22/11,,8678,6.44,-150,7.49,26.5,,,9692,2.45,-216,7.33,21.1,,9836,,0.59,-260,7.15,20.4,,,9745,3.4,-103,7.15,19.6,,,9685,3.1,-160,7.25,19.3,,,9901,3.4,25,7.2,19.9,,,10730,4.1,25,7.07,17.7,,,10190,8.88,196,7.53,19.2,
11/29/11,,9989,6.37,-144,7.66,25.7,,,10320,2.33,-12,7.33,20,,10130,,0.6,-243,7.16,18.3,,,9082,4.32,-215,7.19,17.7,,,10420,4.77,-40,7.39,17.6,,,10410,3.75,127,7.21,18.7,,,11060,7.97,122,7.22,16.8,,,10600,7.82,239,7.65,16.4,
12/6/11,,10350,,-1,7.75,24.5,,,10010,,19,7.55,16.4,,10340,,,-245,7.23,13.2,,,10160,,-69,7.34,13.9,,,10260,,-156,7.32,13.1,,,10280,,132,7.28,13.8,,,10930,,135,7.22,11.9,,,10500,,171,7.68,10.3,
12/15/11,,10580,7.93,-110,7.8,24.5,,,10160,4.42,-202,7.44,16.2,,9967,,2.19,-238,7.23,14.6,,,10000,5.64,10,7.26,14,,,9942,4.65,152,7.5,14.2,,,10330,4.71,152,7.3,14.3,,,10520,3.67,157,7.22,12.6,,,10300,6.87,172,7.54,14.4,
,,,,,,,,,,,,,,,,,,,,,,,,,,,,,,,,,,,,,,,,,,,,,,,,,,,,,,,,
12/22/11,,9995,,-132,7.64,22.7,,,10390,,-188,7.37,16.2,,10340,,,-243,7.15,12.5,,,10290,,-51,7.23,12.9,,,10410,,-110,7.3,13.7,,,10410,,168,7.22,14.1,,,10610,,172,7.12,12.4,,,10640,,180,7.62,11.4,
1/6/12,,10240,,-118,7.58,25.3,,,9795,,-179,7.31,19.2,,9993,,,-257,7.32,17.4,,,9921,,-30,7.24,15.1,,,9762,,-92,7.34,16.3,,,9814,,140,7.56,17.9,,,10300,,155,6.99,14.4,,,10100,,154,7.57,13.5,
1/11/12,,9540,7.11,-83,7.43,23.9,,,10010,4.28,-63,7.18,17.1,,10200,,2.18,-192,7.07,12.3,,,9981,4.63,-18,7.1,13.8,,,10070,3.53,-75,7.16,14.8,,,10030,4.1,181,7.01,15.6,,,10370,3.81,187,6.86,13,,,10270,7.93,189,7.33,10.9,
1/19/12,,9512,,-110,7.64,25.3,,,10500,,-160,7.37,17.9,,10210,,,-214,7.27,16.8,,,10080,,4,7.26,15.3,,,10050,,-44,7.37,16.3,,,10110,,167,7.27,15.9,,,10370,,171,7.13,13.9,,,10230,,168,7.66,15.6,
,,,,,,,,,,,,,,,,,,,,,,,,,,,,,,,,,,,,,,,,,,,,,,,,,,,,,,,,
1/25/12,,9444,,-104,7.88,24.8,,,10130,,-175,7.56,17.8,,10200,,,-232,7.41,14,,,10030,,-54,7.38,14.9,,,10030,,-118,7.45,15.6,,,10130,,146,7.39,15.9,,,10370,,152,7.24,14.4,,,10300,,148,7.79,12.7,
1/31/12,,10350,7.41,-103,7.63,26.7,,,9793,2.87,-160,7.4,19.6,,10430,,0.99,-242,7.29,18.9,,,10140,4.38,-43,7.25,16.8,,,9871,2.62,-105,7.31,17.9,,,9942,3.54,148,7.28,17.9,,,10310,2.78,153,7.29,17.3,,,10280,7.13,155,7.59,17.7,
2/6/12,,9495,7.16,-113,7.51,25.5,,,9928,3.55,-167,7.25,18.7,,10420,,1.65,-208,7.12,17.7,,,10190,4.26,-54,7.13,16.3,,,9969,2.63,-35,7.19,17.3,,,9943,3.32,162,7.12,17.2,,,10370,2.69,165,6.99,15.6,,,10180,8.22,160,7.53,17.1,
,,,,,,,,,,,,,,,,,,,,,,,,,,,,,,,,,,,,,,,,,,,,,,,,,,,,,,,,
2/16/12,,9582,,-80,7.56,26.2,,,10270,,-164,7.23,18.5,,10950,,,-232,7.1,18.4,,,10310,,3,7.12,16.7,,,10310,,-55,7.17,17.6,,,10240,,168,7.12,17.1,,,10570,,175,6.95,15.7,,,10640,,180,7.46,16.9,
2/22/12,,9485,6.9,-102,7.68,26.1,,,10220,2.62,-134,7.4,20.1,,10440,,0.4,-235,7.27,20.3,,,10070,3.25,-14,7.33,18.1,,,10180,2.08,-78,7.42,18.5,,,10120,2.16,147,7.33,18.3,,,10440,2.28,150,7.33,17.6,,,10300,6.16,151,7.34,19.6,
,,,,,,,,,,,,,,,,,,,,,,,,,,,,,,,,,,,,,,,,,,,,,,,,,,,,,,,,
2/28/12,,9982,7.52,-102,7.55,25.4,,,9820,4.82,-178,7.27,20,,10390,,1.44,-219,7.2,19.5,,,10390,4.22,-7,7.21,17.2,,,9892,2.4,-40,7.24,18.7,,,9922,3.24,150,7.21,18.5,,,10410,2.03,153,7.03,16.6,,,10610,8.01,148,7.61,16.4,
3/7/12,,10630,7.62,-102,7.75,24.2,,,9869,3.75,-180,7.31,19.8,,10560,,1.12,-237,7.15,18.9,,,10260,4.97,-30,7.23,16.6,,,9945,3.88,-94,7.27,18.7,,,9987,4.17,155,7.17,18.7,,,10330,3.3,161,7,16.6,,,10630,8.87,152,7.65,16.5,
,,,,,,,,,,,,,,,,,,,,,,,,,,,,,,,,,,,,,,,,,,,,,,,,,,,,,,,,
3/15/12,,9467,6.78,-159,7.64,27.4,,,,,,,-17.77777778,,10570,,0.43,-261,7.15,25,,,10230,4.57,7,7.32,20.2,,,10150,3.43,-51,7.29,21.8,,,10040,3.94,146,7.23,21,,,10910,4.37,32,7.24,22.4,,,10480,8.3,139,7.69,22.6,
3/21/12,,9784,,-59,7.68,26.9,,,13630,,-107,6.27,23.6,,10230,,,-257,6.27,22.3,,,10180,,0,7.28,18.3,,,10380,,-49,7.31,18.5,,,,,,,,,,11260,,145,7.36,19.6,,,10600,,155,7.74,20.7,
,,,,,,,,,,,,,,,,,,,,,,,,,,,,,,,,,,,,,,,,,,,,,,,,,,,,,,,,
3/29/12,,9396,6.03,-82,7.65,27.2,,,11020,2.3,-172,6.55,23.8,,10490,,0.96,-286,7.17,26.5,,,10240,3.59,-29,7.36,21.9,,,10540,2.74,-115,7.17,21.5,,,11130,1.94,4,6.61,22,,,,,,,,,,11820,2.95,106,7.54,26,
4/12/12,,10110,7.16,-170,7.59,26.5,,,12950,0.65,-265,6.63,20.5,,10420,,0.63,-271,7.12,26.2,,,10230,4.14,-102,7.1,21.4,,,11040,3.46,-180,6.89,21.7,,,,,,,,,,,,,,,,,,,,,,
,,,,,,,,,,,,,,,,,,,,,,,,,,,,,,,,,,,,,,,,,,,,,,,,,,,,,,,,
5/9/12,,10100,6.87,-111,7.57,28.2,,,10970,0.25,-302,7.04,26.3,,10630,,0.51,-336,7.17,33.9,,,10910,3.26,-144,7.06,27.2,,,11340,0.49,-266,7.05,26.9,,,12380,0.36,-255,6.92,25.9,,,14050,2.07,-163,7.24,27.3,,,16380,5.37,135,7.94,29.4,
,,,,,,,,,,,,,,,,,,,,,,,,,,,,,,,,,,,,,,,,,,,,,,,,,,,,,,,,
5/23/12,,9146,,-189,7.62,28.6,,,11470,,-328,6.99,28.7,,10870,,,-345,7.03,33.7,,,10860,,-249,7.03,28.4,,,11490,,-297,6.99,28.8,,,13380,,-258,7.03,25.7,,,,,,,,,,9270,,136,7.58,28.4,
,,,,,,,,,,,,,,,,,,,,,,,,,,,,,,,,,,,,,,,,,,,,,,,,,,,,,,,,
5/30/12,,9180,6.03,-160,7.59,28.8,,,10150,0.29,-263,7.03,27.1,,10720,,0.32,-311,7.01,31.5,,,10950,2.25,-235,7.01,27.6,,,11010,2.25,-235,7.12,28.5,,,12460,0.29,-232,7.07,27.2,,,14860,2.88,-81,7.2,31.3,,,13630,5.13,106,7.68,28,
6/8/12,,9028,6.49,-170,7.62,28.6,,,10230,0.51,-301,7.19,28.8,,10690,,0.39,-310,7.04,31.7,,,10980,3.82,-137,7.18,28.7,,,11290,0.37,-262,7.13,29.2,,,12000,0.37,-255,7.04,28.6,,,16250,,-140,7.28,31.6,,,14500,5.09,115,7.94,25.8,
6/27/12,,8958,6.23,-207,7.63,30.4,,,10190,0.19,-329,7.23,32.5,,11010,,0.27,-362,7.07,36,,,11500,3.07,-229,7.06,33.1,,,10910,0.25,-310,7.04,33.3,,,12430,0.23,-289,7.13,32,,,17490,0.32,-260,7.04,32.6,,,15430,4.66,109,7.22,31.4,
,,,,,,,,,,,,,,,,,,,,,,,,,,,,,,,,,,,,,,,,,,,,,,,,,,,,,,,,
7/6/12,,8949,6.47,-149,7.56,29,,,9937,0.29,-293,7.04,29.4,,10850,,0.36,-335,7.06,31.8,,,11690,3.25,-247,7.02,31.9,,,11870,0.28,-273,7.02,30.1,,,11340,0.35,-272,7.05,30.2,,,17580,0.42,-235,7.04,30.2,,,14300,5.12,92,7.95,28.6,
7/11/12,,8855,6.23,-175,7.58,30.1,,,9890,0.25,-290,7.18,32.7,,11340,,0.23,-347,7.03,36,,,11660,3.24,-131,7.03,33,,,10990,0.19,-275,7.05,32.9,,,11490,0.25,-241,7.18,31.8,,,15100,0.3,-227,7.11,31.9,,,16190,5.06,104,7.82,30.8,
,,,,,,,,,,,,,,,,,,,,,,,,,,,,,,,,,,,,,,,,,,,,,,,,,,,,,,,,
7/20/12,,8760,6.54,108,7.59,28.8,,,10420,0.54,-307,7.03,30.9,,11620,,0.4,-333,6.93,34.6,,,13580,5.44,-205,6.98,32,,,10700,0.45,-298,6.93,31.2,,,11090,0.28,-270,7.02,31.1,,,13800,1.29,-277,6.97,31.1,,,16960,3.53,-97,7.55,29.5,
,,,,,,,,,,,,,,,,,,,,,,,,,,,,,,,,,,,,,,,,,,,,,,,,,,,,,,,,
8/3/12,,9136,6.06,-186,7.58,30.4,,,11110,0.25,-308,7.11,32.1,,11610,,0.34,-343,7.07,35.9,,,11020,3.37,-237,7.05,32.5,,,11550,0.31,-294,7.04,31.2,,,12090,0.32,-266,7.16,32.8,,,15440,0.34,-277,7.08,31,,,21610,5.49,-216,7.22,30.9,
8/8/12,,8732,5.58,-168,7.61,29.9,,,10860,0.48,-273,7.06,34.3,,12650,,0.63,-348,7,41.6,,,11320,3.54,-188,6.96,34.2,,,10850,0.47,-291,7.05,33.5,,,12820,0.91,-264,7.03,33.4,,,14480,0.64,-240,7.02,32.5,,,23050,4.26,131,7.33,31.4,
8/15/12,,8720,6.02,-177,7.69,28.8,,,10890,0.41,-310,7.08,34.2,,12420,,0.35,-329,7.08,32.9,,,12010,5.64,-153,7.11,32.1,,,10920,0.42,-293,7.09,33.1,,,11580,0.52,-273,7.11,34,,,15000,0.6,-250,7.09,31.5,,,18890,2.55,-17,7.5,28.1,
8/27/12,,8673,6.87,-171,7.64,29.7,,,9836,0.28,-298,7.04,31.9,,11860,,0.4,-320,6.98,32.4,,,10620,3.33,-163,7.01,31.9,,,10620,0.43,-292,6.97,31.8,,,10920,0.56,-273,7.06,32.5,,,10920,1.88,-259,7.06,32.5,,,14290,3.79,-75,7.35,31,
,,,,,,,,,,,,,,,,,,,,,,,,,,,,,,,,,,,,,,,,,,,,,,,,,,,,,,,,
9/12/12,,8665,6.67,-180,7.4,28.5,,,9922,1.14,-285,7.01,29.3,,11660,,0.23,-285,7,29.4,,,10290,4.93,-142,7.03,29.8,,,10010,0.22,-270,6.97,29.4,,,11980,0.45,-204,7.11,30,,,11680,0.67,-247,6.98,29.2,,,15460,4.03,123,7.31,26,
9/19/12,,8599,,-157,7.58,28.6,,,10010,,-239,7.08,28.6,,11540,,,-284,6.99,29.5,,,10320,,-154,6.99,29.2,,,9805,,-254,7.07,28.9,,,11050,,-186,7.17,29.5,,,11410,,-206,7.09,28.1,,,14500,,133,7.45,26.7,
9/25/12,,8723,,-138,7.73,28.5,,,10810,,-213,7.17,26.6,,11600,,,-291,7.1,29.6,,,10270,,-182,7.16,27.8,,,9862,,-261,7.13,28.4,,,10920,,-199,7.19,28.3,,,11640,,-214,7.07,26.9,,,15560,,114,7.46,25.9,
,,,,,,,,,,,,,,,,,,,,,,,,,,,,,,,,,,,,,,,,,,,,,,,,,,,,,,,,
,,,,,,,,,,,,,,,,,,,,,,,,,,,,,,,,,,,,,,,,,,,,,,,,,,,,,,,,
11/2/12,,8504,,-147,7.47,27.2,,,12320,,-231,7.13,22.1,,13030,,,-247,7.05,21.6,,,9870,,-70,7.36,23.3,,,10700,,-218,6.98,22.1,,,12960,,-157,6.94,22.5,,,12870,,-152,6.86,21.4,,,19300,,63,6.58,21.5,
11/9/12,,9155,,-98,7.33,26.4,,,10380,,-205,7.02,22.2,,11350,,,-246,6.9,19.5,,,9876,,-177,6.98,19.9,,,9792,,-209,6.9,21.6,,,10920,,-199,7.19,28.3,,,11440,,-130,6.83,20.3,,,16410,,38,6.63,19.2,
11/20/12,,8692,,-97,7.36,26.2,,,10770,,-177,7.09,19.7,,11860,,,-200,7.03,17.2,,,9768,,-43,7.13,17.9,,,10350,,-119,7.12,18.9,,,12540,,-24,6.99,19.1,,,11250,,-34,6.95,17.7,,,15760,,180,6.77,19.7,
11/27/12,,8069,,-116,7.33,26.5,,,10590,,-127,7.04,19.9,,11640,,,-192,6.95,17,,,9705,,-46,7.08,17.6,,,9878,,-119,6.93,17.3,,,12640,,77,6.64,19.1,,,11940,,-93,7.15,16.9,,,15740,,188,6.62,19.1,
,,,,,,,,,,,,,,,,,,,,,,,,,,,,,,,,,,,,,,,,,,,,,,,,,,,,,,,,
12/13/12,,9690,,200,6.5,25.5,,,11230,,-64,6.87,16.6,,11120,,,-164,6.87,12.9,,,,,,,,,,,,,,,,,,,,,,,,,,,,,,,,,,,,
12/19/12,,9555,,0,7.38,22.1,,,11400,,-95,7.04,15.4,,11330,,,-130,7.05,11.3,,,9640,,46,7.09,12.8,,,10350,,-34,7.05,13.8,,,13480,,8,6.93,15,,,12750,,-17,7.1,14,,,14350,,172,6.32,12,
1/23/13,,9930,,18,7.13,24.6,,,10980,,-1,7.13,16.3,,11400,,,-78,7.02,12,,,9982,,12,7.13,13.1,,,10090,,9,7.01,12.8,,,11670,,48,6.9,13,,,10610,,36,6.89,12.4,,,12750,,122,6.51,15.2,
2/1/13,,10300,,8,7.2,24.2,,,10450,,-41,6.94,14.7,,10450,,,-49,6.98,12.7,,,10000,,-14,6.97,12.6,,,10260,,10,6.97,12.6,,,11130,,75,6.9,13.9,,,11530,,67,6.95,12.2,,,11830,,152,6.85,14.7,
,,,,,,,,,,,,,,,,,,,,,,,,,,,,,,,,,,,,,,,,,,,,,,,,,,,,,,,,
2/22/13,,8682,,-33,7.26,25.2,,,10900,,-15,6.91,15,,11160,,,-103,7.23,17.2,,,10250,,79,6.99,14,,,10360,,44,6.89,13.1,,,10980,,153,6.64,15.3,,,,,,,,,,11930,,210,6.33,13.8,
2/27/13,,9965,,2,7.11,25.8,,,11880,,-22,7,15.5,,11090,,,-108,6.87,13.3,,,9974,,-19,7.09,14.6,,,10010,,35,6.82,13.2,,,10710,,40,7.23,14.2,,,11160,,21,7.35,14,,,11870,,56,7.25,14.6,
3/7/13,,9583,,-11,6.99,26,,,10430,,-56,6.92,18.4,,10720,,,-133,6.78,18.5,,,9314,,-80,6.91,17.7,,,9685,,17,6.8,16.6,,,10380,,90,6.63,17.3,,,10890,,84,6.55,15.9,,,11510,,56,6.42,19.7,
,,,,,,,,,,,,,,,,,,,,,,,,,,,,,,,,,,,,,,,,,,,,,,,,,,,,,,,,
3/15/13,,8822,,-7,7,27.6,,,10420,,-75,6.8,21.7,,10490,,,-144,6.77,21.9,,,9657,,56,6.94,21.4,,,9832,,-7,6.77,20.8,,,10440,,43,6.58,19.5,,,10840,,17,6.45,20.3,,,11370,,187,6.37,23.5,
3/22/13,,9488,,28,6.25,28,,,10100,,-32,6.02,22.4,,10320,,,-84,6.08,23.5,,,9897,,131,6.07,22.9,,,10010,,7,6.11,20.2,,,10540,,120,5.82,21.7,,,10650,,-16,6.19,20.6,,,11900,,195,6.18,23.3,
3/28/13,,9140,,8,7.06,27.1,,,9769,,-82,6.81,22.8,,10000,,,-132,6.76,23,,,9455,,44,6.88,22.2,,,10040,,-46,6.74,20.3,,,10270,,56,6.57,21.4,,,10390,,-13,6.49,20.4,,,11550,,220,6.38,23.4,
4/8/13,,8541,,-13,7.03,25.9,,,9738,,26,6.67,23.8,,9532,,,-106,6.68,22.3,,,8923,,-35,6.76,21.9,,,10440,,-82,6.77,20.3,,,,,,,,,,10300,,-67,6.22,22.9,,,,,,,,
,,,,,,,,,,,,,,,,,,,,,,,,,,,,,,,,,,,,,,,,,,,,,,,,,,,,,,,,
4/25/13,,7596,,244,6.6,27.8,,,10990,,-103,6.83,23.1,,11510,,,-89,6.58,23.4,,,9460,,88,6.67,21.9,,,11660,,-99,6.74,22.3,,,11500,,-55,6.95,22.2,,,11500,,-17,6.73,21.2,,,,,,,,
5/1/13,,8728,,-27,7.09,28.5,,,9925,,-79,6.86,26.6,,10680,,,-121,6.72,25.5,,,9592,,-69,6.9,25.4,,,11970,,-139,6.65,25.7,,,10670,,54,6.51,25.7,,,11820,,-9,6.49,25.7,,,12750,,192,6.3,25.9,
5/10/13,,8865,,-20,6.93,27.8,,,9929,,-81,6.76,25.9,,10620,,,-125,6.67,26,,,9548,,-63,6.74,26,,,10220,,-139,6.64,24.8,,,12010,,39,6.49,26,,,10480,,223,6.36,24.6,,,12330,,212,6.05,25.5,
5/14/13,,8488,,-33,6.98,28.8,,,10590,,-107,6.73,27.8,,11690,,,-122,6.73,27.1,,,9901,,10,6.9,29.2,,,9933,,-149,6.67,27.3,,,10710,,187,6.47,27.3,,,12780,,14,6.62,31.4,,,12830,,223,6.13,29.3,
5/22/13,,8419,,-24,7.16,29.2,,,11630,,-70,7.04,28.2,,12100,,,-84,7.06,25.8,,,10100,,65,7.07,31.2,,,10160,,-180,6.81,27.4,,,11860,,70,6.76,27.8,,,14520,,15,6.73,29.6,,,14720,,182,6.97,31.5,
,,,,,,,,,,,,,,,,,,,,,,,,,,,,,,,,,,,,,,,,,,,,,,,,,,,,,,,,
5/31/13,,8500,,-41,6.92,29.1,,,13480,,-144,6.87,27.8,,12810,,,-127,6.91,25.7,,,,,,,,,,9972,,-205,6.96,28.2,,,12570,,194,6.9,28.4,,,15800,,20,6.77,27.9,,,15810,,202,6.88,31.5,
6/5/13,,8414,,-22,6.71,29.4,,,12770,,-94,6.52,28.3,,12780,,,-124,6.53,25.4,,,11170,,167,6.78,33,,,10040,,-194,6.58,30,,,13310,,147,6.48,30.3,,,16660,,17,6.37,30.3,,,16140,,137,6.36,33.7,
6/14/13,,8206,,2,6.67,29.6,,,13000,,-81,6.41,29.8,,14630,,,-127,6.36,27.4,,,,,,,,,,10090,,-199,6.55,31.4,,,14070,,168,6.79,31.3,,,,,,,,,,,,,,,
6/19/13,,8150,,11,6.24,29.3,,,12990,,-87,6.17,29.1,,14360,,,-155,6.16,29.8,,,,,,,,,,10030,,-206,6.3,30.1,,,14530,,93,6.47,31.2,,,20850,,3,6.5,33.2,,,20400,,168,6.44,29.9,
,,,,,,,,,,,,,,,,,,,,,,,,,,,,,,,,,,,,,,,,,,,,,,,,,,,,,,,,
6/29/13,,8281,,-21,6.54,29.2,,,14100,,-158,6.42,28.4,,16400,,,-150,6.44,24.8,,,,,,,,,,9742,,-197,6.72,30.4,,,14080,,161,6.62,31.7,,,,,,,,,,21040,,170,6.56,31.6,
7/3/13,,8365,,-24,6.56,30.4,,,14430,,-108,6.33,32.2,,,,,,,-17.77777778,,,,,,,,,,9826,,-200,6.5,34,,,15850,,157,6.32,37.7,,,,,,,,,,,,,,,
7/24/13,,8145,,0,6.73,30.7,,,16300,,-39,5.97,35.2,,12610,,,-142,6.13,30.4,,,15430,,-116,6.37,,,,9704,,-228,6.46,32.6,,,18720,,-47,6.36,34.8,,,,,,,,,,,,,,,
,,,,,,,,,,,,,,,,,,,,,,,,,,,,,,,,,,,,,,,,,,,,,,,,,,,,,,,,
8/7/13,,8225,,-36,6.83,30.5,,,13560,,-145,6.54,32.3,,12650,,,-214,6.55,30.1,,,,,,,,,,9497,,-217,6.57,32.2,,,17620,,164,5.85,32.1,,,17620,,-83,6.21,30.5,,,23300,,166,6,31.1,
8/14/13,,8621,,-4,6.77,29.8,,,14290,,-122,6.55,34.2,,14220,,,-186,6.6,27.1,,,11360,,-47,6.62,29.8,,,10270,,-185,6.63,31.4,,,18640,,149,6.38,32.4,,,,,,,,,,24350,,158,6.34,32.6,
8/21/13,,,,,,,,,14900,,-138,6.47,31.7,,14640,,,-203,6.49,28.7,,,10520,,-61,6.65,30.1,,,11150,,-211,6.59,32.2,,,18530,,162,6.38,32.6,,,,,,,,,,25360,,180,6.34,29.8,
,,,,,,,,,,,,,,,,,,,,,,,,,,,,,,,,,,,,,,,,,,,,,,,,,,,,,,,,
9/4/13,,8854,,-64,6.83,30.2,,,13930,,-155,6.69,34.2,,11930,,,-225,6.76,30.2,,,10670,,-81,6.76,32,,,11260,,-223,6.63,32.2,,,18050,,18,6.25,33.2,,,16130,,-61,6.05,31.2,,,22500,,188,5.88,34,
9/11/13,,8502,,,,,,,11860,,-117,6.5,30.8,,10480,,,-197,6.51,28.4,,,9753,,-89,6.45,28.9,,,10050,,-199,6.36,29.7,,,17340,,2,6.12,29.7,,,14220,,-100,6.18,30,,,17280,,205,5.93,27.1,
9/18/13,,9083,,-5,6.27,29.7,,,11170,,-86,6.12,30.8,,10820,,,-175,6.16,28.5,,,10160,,-53,6.17,28.4,,,10140,,-189,6.16,30,,,13900,,-20,6.13,30.5,,,13510,,-75,6.21,30.1,,,28500,,157,6.83,28.5,
9/25/13,,8838,,18,6.29,28.6,,,12000,,-66,6.18,28.7,,11080,,,-164,6.22,25.7,,,10080,,-18,6.28,26.6,,,10220,,-178,6.33,27.4,,,14020,,8,6.32,27.6,,,13340,,-63,6.48,26.1,,,15520,,184,6.7,26.9,
10/17/13,,8760,,34,5.97,27.3,,,11180,,-51,5.92,24.6,,12130,,,-112,5.91,19.3,,,10380,,-14,5.95,20.7,,,10790,,-142,5.94,21.3,,,12620,,41,5.94,22.3,,,14620,,-59,6.25,21.9,,,14060,,196,6.52,20.7,
10/23/13,,8300,,46,6.4,27.6,,,11150,,30,6.32,25.6,,11490,,,-101,6.61,20.5,,,9782,,-42,6.57,21.1,,,9470,,-34,6.84,21.1,,,12540,,76,6.28,21.9,,,14290,,-15,6.89,20.8,,,14880,,81,6.28,27.6,
,,,,,,,,,,,,,,,,,,,,,,,,,,,,,,,,,,,,,,,,,,,,,,,,,,,,,,,,
11/1/13,,8658,,-7,6.09,27.4,,,10710,,-78,6.03,22.7,,10730,,,-138,6.04,19.9,,,9612,,-14,6.17,18.7,,,9153,,-81,6.29,20.4,,,11660,,42,6.36,21.2,,,12570,,-15,6.52,22.4,,,1309,,165,6.86,18.1,
11/6/13,,8434,,54,6.96,25.4,,,10780,,47,6.87,21.5,,10790,,,-117,6.78,17.3,,,9639,,41,6.6,17.8,,,9070,,-28,6.58,20.2,,,11480,,-10,6.5,20.3,,,12290,,-70,6.48,18.8,,,12960,,18,6.47,17.4,
,,,,,,,,,,,,,,,,,,,,,,,,,,,,,,,,,,,,,,,,,,,,,,,,,,,,,,,,
,,,,,,,,,,,,,,,,,,,,,,,,,,,,,,,,,,,,,,,,,,,,,,,,,,,,,,,,
,,,,,,,,,,,,,,,,,,,,,,,,,,,,,,,,,,,,,,,,,,,,,,,,,,,,,,,,
,,,,,,,,,,,,,,,,,,,,,,,,,,,,,,,,,,,,,,,,,,,,,,,,,,,,,,,,
,,,,,,,,,,,,,,,,,,,,,,,,,,,,,,,,,,,,,,,,,,,,,,,,,,,,,,,,
,,,,,,,,,,,,,,,,,,,,,,,,,,,,,,,,,,,,,,,,,,,,,,,,,,,,,,,,
,,,,,,,,,,,,,,,,,,,,,,,,,,,,,,,,,,,,,,,,,,,,,,,,,,,,,,,,
,,,,,,,,,,,,,,,,,,,,,,,,,,,,,,,,,,,,,,,,,,,,,,,,,,,,,,,,
,,,,,,,,,,,,,,,,,,,,,,,,,,,,,,,,,,,,,,,,,,,,,,,,,,,,,,,,
,,,,,,,,,,,,,,,,,,,,,,,,,,,,,,,,,,,,,,,,,,,,,,,,,,,,,,,,
,,,,,,,,,,,,,,,,,,,,,,,,,,,,,,,,,,,,,,,,,,,,,,,,,,,,,,,,
,,,,,,,,,,,,,,,,,,,,,,,,,,,,,,,,,,,,,,,,,,,,,,,,,,,,,,,,
,,,,,,,,,,,,,,,,,,,,,,,,,,,,,,,,,,,,,,,,,,,,,,,,,,,,,,,,
,,,,,,,,,,,,,,,,,,,,,,,,,,,,,,,,,,,,,,,,,,,,,,,,,,,,,,,,
,,,,,,,,,,,,,,,,,,,,,,,,,,,,,,,,,,,,,,,,,,,,,,,,,,,,,,,,
1/29/15,8340,,,,8,18.8,,8940,,,,7.6,18.3,,9020,,,,7.4,17.6,,8660,,,,7.5,17.2,,8650,,,,7.4,17.2,,8460,,,,7.7,17.4,,8960,,,,7.7,17.4,,9420,,,,7.5,17.2,
4/7/15,8940,,,,8.1,20.5,,8440,,,,8,19.8,,8880,,,,7.9,20.3,,8880,,,,8.1,19.1,,8270,,,,7.9,19.4,,9170,,,,7.9,18.6,,9440,,,,7.8,19.2,,12700,,,,8.1,19.5,
4/19/15,1193,,4.41,-13.4,7.32,26.6,,1246,,1.46,-248,7.12,24.7,,1278,,2.08,-68.4,7.12,23.6,,1204,,2.21,-97.8,7.21,21.9,,1274,,0.68,-241,7,22.3,,1278,,2.08,-68.4,7.12,23.6,,1323,,2.78,-165.3,7,21.5,,1698,,4.73,179.6,7.22,19.5,
4/26/15,917,,4.45,196.2,7.25,26.2,,1220,,1.61,-241,7.08,24.1,,1319,,2.07,-64.1,7.1,23.6,,1194,,2.93,40,7.21,22.4,,1235,,0.7,-266,7,23.4,,1319,,2.07,-64.1,7.1,23.6,,1358,,3.29,89.7,7.03,23.4,,1733,,5.06,164.5,7.43,22.7,
5/3/15,1065,,4.21,-47.2,7.49,27.5,,1153,,1.3,-239,7.16,26,,1347,,2.3,-109,7.02,25.9,,1119,,2.6,134.7,7.16,25.1,,1159,,0.18,-286,6.97,24.2,,1347,,2.3,-109,7.02,25.9,,1378,,2.01,-140.2,6.92,23.7,,1769,,4.14,-84.1,7.34,24,
5/10/15,1065,,4.21,-47.2,7.49,27.5,,1153,,1.3,-239,7.16,26,,1347,,2.3,-109,7.02,25.9,,1119,,2.6,134,7.16,25.1,,1159,,0.18,-286,6.97,24.2,,1347,,2.3,-109,7.02,25.9,,1378,,2.01,-140.2,6.92,23.7,,1769,,4.14,-84.1,7.34,24,
,,,,,,,,,,,,,,,,,,,,,,,,,,,,,,,,,,,,,,,,,,,,,,,,,,,,,,,,
5/17/15,1077,,3.58,17.4,7.62,25.5,,1259,,4.04,44.3,7.78,27.1,,1326,,3.21,66,7.58,27.7,,1184,,3.02,-75.4,7.34,27.5,,1213,,0.07,-346,7.17,27.5,,1326,,3.21,66,7.58,27.7,,1402,,3.3,22,7.36,27.9,,No Flow,,No Flow,No Flow,No Flow,No Flow,
5/24/15,1089,,3.41,-18.3,7.62,27.3,,1228,,1.14,-210,7.26,28,,1373,,2.46,-100.3,7.23,29.4,,1196,,2.2,21.9,7.23,26.6,,1242,,0.1,-363,7.07,27.2,,1373,,2.46,-100.3,7.23,29.4,,1449,,2.28,-80.5,7.08,27.3,,1631,,3.04,-46.9,7.5,31.1,
5/31/15,1101,,3.66,-39.7,7.58,25.6,,1224,,1.01,-200,7.24,25.9,,1343,,2.34,-96.1,7.16,26.4,,1185,,3.61,-103.7,7.14,24.6,,1204,,0.59,-359,7.09,24.9,,1343,,2.34,-96.1,7.16,26.4,,1496,,4.92,-16.6,7.06,25,,2010,,5.95,-10.1,7.37,24.8,
6/7/15,1087,,6.06,93.8,7.57,26.8,,1210,,2.89,-193.3,7.32,29.9,,1384,,3.85,-78,7.17,30.5,,1193,,6.17,-98.9,7.22,26.4,,1255,,1.13,-341,7.11,26,,1384,,3.85,-78,7.17,30.5,,1523,,5.09,-11.4,7.23,27.2,,2300,,6.51,45.4,7.66,27.8,
6/14/15,1087,,6.06,93.8,7.57,26.8,,1210,,2.89,-193.3,7.32,29.9,,1384,,3.85,-78,7.17,30.5,,1193,,6.17,-98.9,7.22,26.4,,1255,,1.13,-341,7.11,26,,1384,,3.85,-78,7.17,30.5,,1523,,5.09,-11.4,7.23,27.2,,2300,,6.51,45.4,7.66,27.8,
6/21/15,917,,4.45,196.2,7.25,26.2,,1220,,1.61,-241,7.08,24.1,,1319,,2.07,-64.1,7.1,23.6,,1194,,2.93,40,7.21,22.4,,1235,,0.7,-266,7,23.4,,1319,,2.07,-64.1,7.1,23.6,,1358,,3.29,89.7,7.03,23.4,,1733,,5.06,164.5,7.43,22.7,
6/28/15,1089,,5.76,138.5,7.66,26.4,,1310,,1.94,-276,7.18,29,,1393,,3.93,-25,7.21,29.5,,1242,,4.89,41.9,7.26,27.7,,1388,,0.76,-372,7.07,27.1,,1393,,3.93,-25,7.21,29.5,,1907,,5.76,18.8,7.42,27,,2040,,6.01,-20.4,7.44,26.7,
,,,,,,,,,,,,,,,,,,,,,,,,,,,,,,,,,,,,,,,,,,,,,,,,,,,,,,,,
7/5/15,1359,,5.95,135.9,7.64,26.1,,1316,,1.85,-267,7.15,28.6,,1400,,4.03,-38.3,7.22,29.2,,1251,,5.04,36.1,7.27,27.4,,1397,,0.53,-362,7.09,27,,1400,,4.03,-38.3,7.22,29.2,,1916,,5.62,16.1,7.42,26.8,,2044,,5.94,-2.7,7.44,26.8,
7/12/15,1062,,6.01,147,7.66,26.6,,1275,,5.14,-247,7.17,30.2,,1435,,4.81,-114.8,7.27,30.8,,1249,,5.33,-119.9,7.28,30.5,,1251,,1.23,-352,7.19,29.7,,1435,,4.81,-114.8,7.27,30.8,,1967,,6.33,-52.5,7.43,30.4,,2430,,5.69,-32,7.79,25.7,
7/19/15,1000,,5.98,185.4,7.69,27.4,,1289,,1.98,-246,7.3,31.8,,1534,,4.51,-24.9,7.49,32.7,,1198,,4.43,-95.5,7.4,29.9,,1277,,0.83,-348,7.42,29.6,,1534,,4.51,-24.9,7.49,32.7,,2001,,4.12,-122.7,7.49,29.8,,2820,,5.2,-18.4,7.67,32.9,
7/26/15,1065,,6.07,180.5,7.66,27.1,,1316,,2.92,-246,7.21,29.4,,1429,,4.34,-83.5,7.38,31.2,,1254,,4.88,-40.2,7.36,29.1,,1267,,1.17,-335,7.27,29.7,,1429,,4.34,-83.5,7.38,31.2,,1913,,6.86,-90.6,7.66,28.6,,2870,,5.68,-6,7.78,32.2,
,,,,,,,,,,,,,,,,,,,,,,,,,,,,,,,,,,,,,,,,,,,,,,,,,,,,,,,,
8/2/15,1072,,6.04,203,7.64,26.9,,1310,,2.96,-259,7.23,29.3,,1436,,5.24,-79.7,7.38,30.4,,1259,,4.21,-94.2,7.35,28,,1303,,0.7,-354,7.14,28.8,,1436,,5.24,-79.7,7.38,30.4,,2110,,3.47,-169.7,7.85,27.2,,2460,,5.74,-1.1,7.54,28.3,
8/9/15,1004,,6.01,196.4,7.67,27.1,,1296,,1.94,-237,7.31,31.1,,1538,,4.43,-54.6,7.46,32.7,,1207,,4.39,-111.7,7.41,29.7,,1198,,0.78,-357,7.4,29.8,,1538,,4.43,-54.6,7.46,32.7,,2000,,4.03,-154,7.51,29.7,,2830,,5.18,-9.6,7.67,32.4,
8/16/15,1055,,5.85,207,7.63,27.9,,1273,,2.05,-235,7.27,32.8,,1593,,4.19,-83.6,7.47,35.3,,1211,,5.43,-130.9,7.35,30.6,,1283,,0.92,-336,7.33,32,,1593,,4.19,-83.6,7.47,35.3,,1929,,4.34,-156.2,7.51,32.1,,2940,,5.11,-7.5,7.64,35.1,
8/23/15,1087,,6.06,93.8,7.57,26.8,,1228,,1.14,-210,7.26,28,,1435,,4.81,-114.8,7.27,30.8,,1259,,4.21,-94.2,7.35,28,,1397,,0.53,-362,7.09,27,,1435,,4.81,-114.8,7.27,30.8,,1449,,2.28,-80.5,7.08,27.3,,2040,,6.01,-20.4,7.44,26.7,
8/30/15,1000,,5.98,185.4,7.69,27.4,,1289,,1.98,-246,7.3,31.8,,1534,,4.51,-24.9,7.49,32.7,,1198,,4.43,-95.5,7.4,29.9,,1277,,0.83,-348,7.42,29.6,,1534,,4.51,-24.9,7.49,32.7,,2001,,4.12,-122.7,7.49,29.8,,2820,,5.2,-18.4,7.67,32.9,
,,,,,,,,,,,,,,,,,,,,,,,,,,,,,,,,,,,,,,,,,,,,,,,,,,,,,,,,
9/6/15,1049,,5.97,224,7.56,28.2,,1462,,0.77,-313,7.02,31.2,,1691,,1.43,-97.9,7.11,33.3,,1191,,4.09,-83,7.42,29.3,,1548,,0.18,-306,7.98,26.5,,1691,,1.43,-97.9,7.11,33.3,,1724,,1.3,-120.4,7.91,28.5,,268,,5.47,-11.7,7.58,30.4,
9/13/15,1037,,6.17,92.8,7.64,26.2,,1286,,1.08,-273,7.31,27.5,,1599,,4.14,-91.6,7.41,28.6,,1173,,4.37,-78.4,7.39,27.6,,1480,,0.2,-375,7.16,27.3,,1599,,4.14,-91.6,7.41,28.6,,1702,,4.72,-124.4,7.77,26.7,,2190,,5.84,-9.7,7.55,27,
9/20/15,1000,,5.98,185.4,7.69,27.4,,1289,,1.98,-246,7.3,31.8,,1534,,4.51,-24.9,7.49,32.7,,1198,,4.43,-95.5,7.4,29.9,,1277,,0.83,-348,7.42,29.6,,1534,,4.51,-24.9,7.49,32.7,,2001,,4.12,-122.7,7.49,29.8,,2820,,5.2,-18.4,7.67,32.9,
9/27/15,1049,,6.01,201,7.6,228.6,,1160,,1.48,-239,7.28,33.1,,1399,,4.34,-62.3,7.55,31,,1069,,3.94,-154.8,7.43,28.8,,1134,,0.35,-352,7.3,28.7,,1399,,4.34,-62.3,7.55,31,,1364,,3.92,-303,7.44,29.1,,1937,,5.63,4.6,7.75,29.7,
10/4/15,1021,,6.11,101,7.6,28.2,,1172,,1.32,-254,7.29,29.7,,1401,,4.24,-72,7.36,28.6,,1076,,3.81,-157.8,7.39,28.4,,1282,,0.37,-368,7.21,28.6,,1401,,4.24,-72,7.36,28.6,,1614,,4.12,-301,7.39,28.8,,2010,,5.67,-6.7,7.47,28.1,
10/11/15,1002,,6.35,176.6,7.62,25.9,,1202,,2.33,-273,7.2,26,,1420,,6.46,-119.1,7.55,24.6,,1155,,3.7,-152.2,7.43,22.8,,1247,,0.57,-341,7.31,22.6,,1420,,6.46,-119.1,7.55,24.6,,1405,,4.68,-314,7.53,22.8,,2110,,6.36,61,7.33,22.4,
,,,,,,,,,,,,,,,,,,,,,,,,,,,,,,,,,,,,,,,,,,,,,,,,,,,,,,,,
10/18/15,1055,,6.39,191.2,7.53,27.6,,1276,,2.79,-234,7.35,26,,1395,,5.98,45,7.64,26,,1090,,4.51,-118.3,7.35,23.5,,1132,,0.85,-340,7.07,24,,1395,,5.98,45,7.64,26,,1241,,0.5,-328,7.24,24.4,,1961,,6.16,55.3,7.32,22.5,
10/25/15,1119,,6.2,193.3,7.37,25,,1207,,3.07,-232,7.28,23.2,,1348,,4.45,-100.5,7.26,22.5,,1117,,3.81,-134.4,7.3,20,,1143,,1.16,-305,7.21,20.7,,1348,,4.45,-100.5,7.26,22.5,,1236,,0.93,-309,7.26,21,,1565,,7.04,-8.1,7.8,18.3,
,,,,,,,,,,,,,,,,,,,,,,,,,,,,,,,,,,,,,,,,,,,,,,,,,,,,,,,,
11/8/15,1086,,6.36,178,7.58,24.1,,1126,,4.79,-19.14,7.47,21.7,,1281,,5.55,-22.2,7.37,20.9,,1110,,5.66,-108.8,7.48,19.6,,1116,,1.22,-237,7.34,20.2,,1281,,5.55,-22.2,7.37,20.9,,1211,,1.02,-240,7.39,20.3,,1564,,7.1,13.7,7.64,20.1,
,,,,,,,,,,,,,,,,,,,,,,,,,,,,,,,,,,,,,,,,,,,,,,,,,,,,,,,,
,,,,,,,,,,,,,,,,,,,,,,,,,,,,,,,,,,,,,,,,,,,,,,,,,,,,,,,,
,,,,,,,,,,,,,,,,,,,,,,,,,,,,,,,,,,,,,,,,,,,,,,,,,,,,,,,,
,,,,,,,,,,,,,,,,,,,,,,,,,,,,,,,,,,,,,,,,,,,,,,,,,,,,,,,,
11/24/15,9950,,6.52,260,7.4,25.1,,1111,,4.56,-189.3,7.41,21.8,,1168,,6.31,-6.4,7.52,19.6,,1097,,6.21,-32.6,7.51,18.7,,1102,,4.47,-108.4,7.57,18.9,,1168,,6.31,-6.4,7.52,19.6,,1226,,4.54,-182.5,7.65,19.5,,1400,,7.48,29.6,7.51,18,
,,,,,,,,,,,,,,,,,,,,,,,,,,,,,,,,,,,,,,,,,,,,,,,,,,,,,,,,
,,,,,,,,,,,,,,,,,,,,,,,,,,,,,,,,,,,,,,,,,,,,,,,,,,,,,,,,
12/7/15,1134,,6,201,7.44,25.6,,1299,,3.73,-224,7.28,20.7,,1190,,5.19,-84.3,7.28,18.8,,1091,,6.5,-41.2,7.49,17.2,,1154,,4.58,-174,7.39,17.4,,1190,,5.19,-84.3,7.28,18.8,,1226,,5.57,-156,7.49,19.1,,1332,,7.72,11,7.56,17.9,
,,,,,,,,,,,,,,,,,,,,,,,,,,,,,,,,,,,,,,,,,,,,,,,,,,,,,,,,
12/17/15,9090,,6.82,222,7.42,24.1,,1163,,3.79,-216,7.29,15.7,,1250,,6.46,-53.4,7.31,13.6,,1143,,6.31,-112.5,7.28,13.7,,1185,,5.55,-111.5,7.23,15,,1250,,6.46,-53.4,7.31,13.6,,1234,,6.8,-156.3,7.42,14.4,,1369,,7.44,-1.8,7.51,12.4,
12/23/15,1145,,6.55,235,7.36,22.5,,1107,,5.33,-159.4,7.37,16.1,,1176,,5.42,-61.4,7.27,14.6,,1128,,6.28,-61.5,7.34,15.3,,1169,,4.88,-91,7.12,15.2,,1176,,5.42,-61.4,7.27,14.6,,1243,,5.64,-138,7.3,14.2,,1302,,7.51,-20.8,7.21,13.2,
,,,,,,,,,,,,,,,,,,,,,,,,,,,,,,,,,,,,,,,,,,,,,,,,,,,,,,,,
12/30/15,1028,,7.13,195.8,7.47,21.8,,1098,,6.61,-160,7.42,12.7,,1138,,7.16,-22.2,7.39,12.1,,1111,,7.54,20.2,7.43,12.6,,1143,,5.87,-82.3,7.32,13.2,,1138,,7.16,-22.2,7.39,12.1,,1235,,6.71,-150.1,7.28,11.6,,1253,,9.1,21.9,7.41,10.5,
,,,,,,,,,,,,,,,,,,,,,,,,,,,,,,,,,,,,,,,,,,,,,,,,,,,,,,,,
1/4/16,1016,,5.38,267,7.46,23.5,,1080,,5.21,-90.6,7.4,16.3,,1145,,5.16,34.5,7.33,15.2,,1104,,5.61,-49.9,7.38,15.1,,1109,,4.87,34.4,7.33,15.3,,1145,,5.16,34.5,7.33,15.2,,1217,,5.6,-110.5,7.37,15.1,,1215,,6.2,78.8,7.33,14.3,
1/11/16,933,,4.92,215,7.35,24.1,,1021,,3.74,-94.2,7.21,18.2,,1037,,4.13,7.9,7.2,15.7,,997,,4.01,-11.9,7.24,15.8,,1005,,3.79,-181.5,7.25,16.6,,1037,,4.13,7.9,7.2,15.7,,1096,,5.07,-44.3,7.39,14.4,,1113,,5.18,38.6,7.33,12.9,
,,,,,,,,,,,,,,,,,,,,,,,,,,,,,,,,,,,,,,,,,,,,,,,,,,,,,,,,
1/22/16,9.27,,5.02,294,7.25,24.7,,951,,3.85,-150,7.28,24.7,,977,,3.94,136.4,7.13,19.1,,948,,4.7,129.5,7.2,16.9,,956,,4.31,34.1,7.24,19.7,,977,,3.94,136.4,7.13,19.1,,982,,4.45,104.1,7.26,16.3,,1030,,5.02,143.8,7.26,15.9,
,,,,,,,,,,,,,,,,,,,,,,,,,,,,,,,,,,,,,,,,,,,,,,,,,,,,,,,,
1/27/16,927,,7.89,202,7.09,20.8,,921,,4.74,-119.9,7.24,19.4,,937,,4.46,-42.5,7.23,17.2,,956,,5.02,11.3,7.3,15.8,,919,,4.11,-75.3,7.24,18.8,,937,,4.46,-42.5,7.23,17.2,,964,,5.66,-55.2,7.3,15,,968,,6.7,11.5,7.31,14.9,
,,,,,,,,,,,,,,,,,,,,,,,,,,,,,,,,,,,,,,,,,,,,,,,,,,,,,,,,
2/7/16,1031,,7.2,211,7.06,23.1,,1053,,4.76,-100,7.32,19.6,,1033,,4.76,-9.5,7.34,16.8,,1000,,5.94,-80.3,7.34,13.6,,1063,,6.22,-132.2,7.25,17.3,,1033,,4.76,-9.5,7.34,16.8,,993,,7.04,-100.8,7.31,13.2,,1040,,7.94,28.7,7.38,12.3,
2/8/16,949,,6.47,214,7.16,24.3,,1057,,5.01,-6.1,7.3,22.5,,1049,,5.41,26.4,7.35,20.5,,1060,,5.53,-46.1,7.36,17.6,,1050,,4.32,-134.3,7.28,20.2,,1049,,5.41,26.4,7.35,20.5,,1059,,5.75,-76.6,7.34,17.7,,1072,,6.19,67.4,7.37,18.1,
2/17/16,949,,6.47,214,7.16,24.3,,1057,,5.01,-6.1,7.3,22.5,,1049,,5.41,26.4,7.35,20.5,,1060,,5.53,-46.1,7.36,17.6,,1050,,4.32,-134.3,7.28,20.2,,1049,,5.41,26.4,7.35,20.5,,1059,,5.75,-76.6,7.34,17.7,,1072,,6.19,67.4,7.37,18.1,
,,,,,,,,,,,,,,,,,,,,,,,,,,,,,,,,,,,,,,,,,,,,,,,,,,,,,,,,
2/26/16,996,,6.5,224,7.1,27.1,,1026,,3.92,-201,7.09,27,,976,,4.06,19.04,7.06,26.4,,957,,5.21,-68.6,7.25,21.1,,984,,3.78,-130.7,7.13,22.5,,976,,4.06,19.04,7.06,26.4,,1010,,6.06,-122.3,7.31,22.6,,964,,6.58,18.49,7.14,24.8,
2/29/16,976,,6.18,173.5,7.22,24.9,,1036,,4.77,135.9,7.27,23.5,,1031,,5.3,117.9,7.36,22.7,,988,,5.19,-142.9,7.36,20,,1037,,4.64,-145.2,7.29,21.5,,1031,,5.3,117.9,7.36,22.7,,0,,no flow,0,0,0,,1036,,6.26,124.4,7.36,21,
3/6/16,991,,5.26,211,7.1,25.9,,1045,,4.1,112.7,7.24,24.8,,1052,,4.16,128.6,7.26,22.8,,1041,,4.37,-64.7,7.35,19.9,,1052,,3.21,-189.9,7.18,21.3,,1052,,4.16,128.6,7.26,22.8,,1045,,4.34,-110.9,7.3,21.4,,1092,,5.17,136.6,7.31,20.7,
,,,,,,,,,,,,,,,,,,,,,,,,,,,,,,,,,,,,,,,,,,,,,,,,,,,,,,,,
3/13/16,940,,5.2,203,7.34,23.6,,1004,,3.99,175.1,7.29,23.4,,1032,,3.78,163.9,7.23,22.4,,1036,,4.75,-38,7.34,20.5,,1011,,3.78,-153,7.24,22.2,,1032,,3.78,163.9,7.23,22.4,,1037,,4.68,-106,7.25,20.1,,1090,,4.8,167.9,7.28,21.1,
,,,,,,,,,,,,,,,,,,,,,,,,,,,,,,,,,,,,,,,,,,,,,,,,,,,,,,,,
3/20/16,950,,7.14,177.4,7.13,25.4,,1001,,4.79,94.2,7.2,25,,1031,,4.76,80,7.21,24.2,,1038,,5.24,-15.5,7.34,20.3,,986,,4.06,-198,7.22,22.1,,1031,,4.76,80,7.21,24.2,,1072,,4.85,-44.7,7.2,21.9,,1121,,6.13,104,7.26,23.5,
,,,,,,,,,,,,,,,,,,,,,,,,,,,,,,,,,,,,,,,,,,,,,,,,,,,,,,,,
,,,,,,,,,,,,,,,,,,,,,,,,,,,,,,,,,,,,,,,,,,,,,,,,,,,,,,,,
4/3/16,1081,,6.97,42,7.5,28.1,,1048,,5.23,32.6,7.31,27,,1034,,5.37,43.2,7.24,31.9,,1014,,4.9,-27,7.32,21.6,,1053,,4.67,-54.7,7.28,23.1,,1034,,5.37,43.2,7.24,31.9,,1031,,5.62,-51.2,7.27,22.6,,1093,,6.6,85.2,7.3,30.2,
,,,,,,,,,,,,,,,,,,,,,,,,,,,,,,,,,,,,,,,,,,,,,,,,,,,,,,,,
4/10/16,1064,,7.05,145.7,7.64,24.4,,1074,,5.66,122.3,7.56,24.3,,1081,,5.19,128.1,7.41,23.9,,1124,,4.72,20.1,7.33,23.1,,1056,,3.08,-109.7,7.36,23.6,,1081,,5.19,128.1,7.41,23.9,,1103,,5.65,9.7,7.31,23.6,,1195,,5.79,134.5,7.33,23.2,
,,,,,,,,,,,,,,,,,,,,,,,,,,,,,,,,,,,,,,,,,,,,,,,,,,,,,,,,
,,,,,,,,,,,,,,,,,,,,,,,,,,,,,,,,,,,,,,,,,,,,,,,,,,,,,,,,
4/24/16,1059,,7.1,220,7.47,26.1,,1108,,4.07,198.4,7.33,27.6,,1121,,4.73,194,7.34,26,,1087,,4.5,62.5,7.33,23.4,,1087,,2.65,-232,7.3,25.1,,1121,,4.73,194,7.34,26,,1207,,5.25,23.3,7.23,24.7,,1338,,6.41,188.2,7.33,24,
,,,,,,,,,,,,,,,,,,,,,,,,,,,,,,,,,,,,,,,,,,,,,,,,,,,,,,,,
5/1/16,1098,,6.65,174,7.51,27.3,,1126,,4.43,131.4,7.44,27.3,,1133,,4.52,128.2,7.36,26.2,,1112,,4.05,-36.6,7.31,23.3,,1134,,0.96,-308,7.24,23.2,,1133,,4.52,128.2,7.36,26.2,,1210,,4.94,-82.2,7.28,23.7,,1296,,5.93,135,7.38,24.7,
,,,,,,,,,,,,,,,,,,,,,,,,,,,,,,,,,,,,,,,,,,,,,,,,,,,,,,,,
5/8/16,1080,,5.93,234,7.55,27.6,,1138,,4.46,201,7.48,27.8,,1146,,4.78,182.1,7.44,27.1,,1141,,4.29,19.5,7.32,24.4,,1099,,3.72,-177.8,7.41,26.2,,1146,,4.78,182.1,7.44,27.1,,1216,,4.61,-12.3,7.26,25.9,,1267,,5.26,177.2,7.4,25.2,
,,,,,,,,,,,,,,,,,,,,,,,,,,,,,,,,,,,,,,,,,,,,,,,,,,,,,,,,
5/15/16,1090,,5.84,224,7.56,26.9,,1131,,4.26,190.6,7.49,28.3,,1138,,4.72,169.8,7.45,27.9,,1146,,4.28,50.7,7.31,25.3,,1103,,3.33,-201,7.4,26.5,,1138,,4.72,169.8,7.45,27.9,,1238,,4.42,30.7,7.24,25.4,,1277,,5.78,169.3,7.43,25.3,
,,,,,,,,,,,,,,,,,,,,,,,,,,,,,,,,,,,,,,,,,,,,,,,,,,,,,,,,
,,,,,,,,,,,,,,,,,,,,,,,,,,,,,,,,,,,,,,,,,,,,,,,,,,,,,,,,
5/22/16,1075,,5.65,198.2,7.63,27.5,,1112,,4.35,185.6,7.54,29,,1178,,3.38,-179.6,7.22,24.6,,1253,,4.36,33.8,7.28,26.1,,1263,,5.26,-12.6,7.43,25,,1178,,3.38,-179.6,7.22,24.6,,1139,,4.31,-94.3,7.51,27.1,,1125,,4.77,-5.8,7.39,25.2,
,,,,,,,,,,,,,,,,,,,,,,,,,,,,,,,,,,,,,,,,,,,,,,,,,,,,,,,,
5/29/16,1120,,4.02,153.9,7.47,31.8,,1132,,4.65,143.7,7.44,31.2,,1325,,4.92,150.9,7.29,27.3,,1092,,2.85,-204,7.37,30.8,,1074,,5.84,188.1,7.44,28.3,,1325,,4.92,150.9,7.29,27.3,,1155,,4.81,-63.5,7.52,30.8,,1218,,3.56,-12.32,7.26,30,
,,,,,,,,,,,,,,,,,,,,,,,,,,,,,,,,,,,,,,,,,,,,,,,,,,,,,,,,
6/5/16,947,,5.58,167.7,7.4,28.1,,1071,,4.88,141.6,7.53,31,,1128,,5.22,120.9,7.59,30.3,,1138,,5.33,22.3,7.52,27.9,,1077,,4.21,-159.6,7.51,29.1,,1128,,5.22,120.9,7.59,30.3,,1328,,5.32,-13.7,7.4,27.4,,1306,,5.51,125.7,7.45,27.8,
,,,,,,,,,,,,,,,,,,,,,,,,,,,,,,,,,,,,,,,,,,,,,,,,,,,,,,,,
6/12/16,1024,,5.29,154.7,7.46,31.8,,1103,,3.29,125.3,7.38,32.5,,1150,,3.71,111.4,7.26,33,,N/A,,N/A,N/A,N/A,N/A,,1129,,2.81,-318,7.17,31.7,,1150,,3.71,111.4,7.26,33,,1424,,4.04,-11.8,7.21,31.2,,1559,,4.59,117.3,7.36,30.3,
,,,,,,,,,,,,,,,,,,,,,,,,,,,,,,,,,,,,,,,,,,,,,,,,,,,,,,,,
,,,,,,,,,,,,,,,,,,,,,,,,,,,,,,,,,,,,,,,,,,,,,,,,,,,,,,,,
6/19/16,1042,,5.43,166.2,7.47,28.4,,1092,,3.66,151.2,7.45,29.7,,1131,,3.81,139.8,7.39,31.2,,1155,,4.93,43.6,7.54,27.8,,1145,,0.37,-338,7.25,27.8,,1131,,3.81,139.8,7.39,31.2,,1364,,4.24,-21,7.21,29.1,,1344,,4.51,143,7.31,27.9,
,,,,,,,,,,,,,,,,,,,,,,,,,,,,,,,,,,,,,,,,,,,,,,,,,,,,,,,,
6/26/16,1073,,5.24,203,7.5,27.9,,1098,,3.91,189.2,7.45,31.1,,1124,,3.73,161.7,7.46,32.8,,1183,,4.56,53.2,7.58,29.2,,1103,,1.52,-284,7.26,30.6,,1124,,3.73,161.7,7.46,32.8,,1387,,4.2,29.3,7.47,31.4,,1307,,4.16,158.6,7.34,30.5,
,,,,,,,,,,,,,,,,,,,,,,,,,,,,,,,,,,,,,,,,,,,,,,,,,,,,,,,,
7/3/16,1023,,5.26,167.2,7.69,28.5,,1109,,4.4,138,7.6,30.6,,1157,,4.64,114.1,7.56,29.8,,1292,,5.07,33.4,7.73,28,,1191,,1.86,-334,7.31,28.7,,1157,,4.64,114.1,7.56,29.8,,1450,,5.02,5.8,7.44,27.9,,1340,,5.03,119.5,7.49,28,
,,,,,,,,,,,,,,,,,,,,,,,,,,,,,,,,,,,,,,,,,,,,,,,,,,,,,,,,
7/10/16,1025,,5.44,180.9,7.54,27.7,,1087,,4.04,154.8,7.49,29.5,,1131,,4.09,128.7,7.46,30.6,,1229,,4.62,-9.3,7.4,28.2,,1123,,1.47,-304,7.32,27.9,,1131,,4.09,128.7,7.46,30.6,,1520,,4.32,-26.8,7.31,28.1,,1309,,4.61,133.3,7.33,28.7,
,,,,,,,,,,,,,,,,,,,,,,,,,,,,,,,,,,,,,,,,,,,,,,,,,,,,,,,,
,,,,,,,,,,,,,,,,,,,,,,,,,,,,,,,,,,,,,,,,,,,,,,,,,,,,,,,,
7/17/16,1028,,4.96,100.9,7.58,28.1,,1075,,4.03,43.6,7.48,30.4,,1128,,4.3,80.3,7.4,30.6,,1199,,4.27,-19.3,7.3,29.2,,1085,,1.65,-301,7.32,28.7,,1128,,4.3,80.3,7.4,30.6,,1387,,3.72,-58.4,7.31,28.9,,1277,,4.91,78.3,7.37,29,
,,,,,,,,,,,,,,,,,,,,,,,,,,,,,,,,,,,,,,,,,,,,,,,,,,,,,,,,
7/24/16,1034,,5.48,123.5,7.57,28.3,,1078,,4.09,8.7,7.54,29.5,,1130,,4.06,6.7,7.5,30.9,,1200,,4.18,-63.9,7.32,29,,1139,,2.42,-286,7.31,28.8,,1130,,4.06,6.7,7.5,30.9,,1470,,4.41,-100.4,7.34,29.2,,1337,,4.73,39.5,7.42,28.8,
,,,,,,,,,,,,,,,,,,,,,,,,,,,,,,,,,,,,,,,,,,,,,,,,,,,,,,,,
7/31/16,1027,,5.68,145.3,7.7,26.7,,1090,,4.36,112.3,7.56,28.4,,1147,,4.96,98,7.55,29.3,,1203,,4.68,-50.6,7.39,27.4,,1134,,2.98,-316,7.39,27.3,,1147,,4.96,98,7.55,29.3,,1544,,4.86,-86,7.47,27.1,,1449,,5.24,107.1,7.43,27.4,
,,,,,,,,,,,,,,,,,,,,,,,,,,,,,,,,,,,,,,,,,,,,,,,,,,,,,,,,
8/7/16,1047,,5.51,85.9,7.59,27,,1147,,2.16,-209,7.29,29.7,,1182,,3.28,-81.7,7.22,30.8,,1171,,3.83,-75.5,7.29,28.7,,1155,,1.48,-216,7.35,28,,1182,,3.28,-81.7,7.22,30.8,,1448,,3.68,-153.8,7.22,28.7,,1409,,4.11,-27.7,7.2,28.8,
,,,,,,,,,,,,,,,,,,,,,,,,,,,,,,,,,,,,,,,,,,,,,,,,,,,,,,,,
8/14/16,1001,,7.22,75.1,7.72,28.7,,1065,,4.27,-166.4,7.5,30.9,,1130,,5.45,-70.7,7.48,32.3,,1197,,4.99,142.5,7.35,28.1,,1196,,0.84,-159.9,7.33,28.3,,1130,,5.45,-70.7,7.48,32.3,,1515,,6.07,-128.9,7.48,28.1,,1401,,6.09,-24.7,7.36,29.8,
,,,,,,,,,,,,,,,,,,,,,,,,,,,,,,,,,,,,,,,,,,,,,,,,,,,,,,,,
,,,,,,,,,,,,,,,,,,,,,,,,,,,,,,,,,,,,,,,,,,,,,,,,,,,,,,,,
8/21/16,971,,6.28,64.4,7.68,27,,1026,,3.2,-266,7.42,29.5,,1096,,3.98,-139.7,7.34,29.7,,1090,,4.36,-116.3,7.39,26.9,,1129,,0.76,-314,7.18,26.8,,1096,,3.98,-139.7,7.34,29.7,,1415,,4.41,-153.6,7.3,27.2,,1278,,4.91,-62,7.28,27.2,
,,,,,,,,,,,,,,,,,,,,,,,,,,,,,,,,,,,,,,,,,,,,,,,,,,,,,,,,
8/28/16,967,,3.61,9.9,7.6,27.2,,1039,,2.8,-230,7.45,29,,1093,,3.68,-93.1,7.41,29.3,,1070,,5.9,-95.1,7.53,25,,1044,,1.46,-301,7.27,27.2,,1093,,3.68,-93.1,7.41,29.3,,1452,,1.93,-127.4,7.29,27.2,,1201,,4.14,-45.3,7.37,27,
,,,,,,,,,,,,,,,,,,,,,,,,,,,,,,,,,,,,,,,,,,,,,,,,,,,,,,,,
9/4/16,957,,3.36,87.6,7.63,26.8,,999,,4.14,-206,7.46,27.8,,1036,,4.66,-94.2,7.4,28.3,,1017,,5.42,-88.4,7.44,26.7,,1005,,1.48,-294,7.25,27.8,,1036,,4.66,-94.2,7.4,28.3,,1300,,5.3,-138.4,7.31,27.1,,1129,,5.32,-58.2,7.3,26.8,
,,,,,,,,,,,,,,,,,,,,,,,,,,,,,,,,,,,,,,,,,,,,,,,,,,,,,,,,
9/11/16,949,,6.38,91.6,7.58,28.1,,1013,,3.11,-203,7.37,30.3,,1038,,5.58,-106.8,7.32,30.7,,1026,,4.19,-97.8,7.34,28.7,,1020,,0.85,-286,7.23,29.4,,1038,,5.58,-106.8,7.32,30.7,,1257,,4.14,-160.7,7.24,28.9,,1125,,4.66,-64.6,7.27,28.9,
,,,,,,,,,,,,,,,,,,,,,,,,,,,,,,,,,,,,,,,,,,,,,,,,,,,,,,,,
9/18/16,961,,6.32,54.1,7.61,27.2,,1006,,4.1,-231,7.47,28.4,,1024,,4.06,-132.7,7.38,28.6,,1054,,5.71,-80,7.49,25.9,,1021,,2.04,-261,7.38,27,,1024,,4.06,-132.7,7.38,28.6,,1227,,3.93,-139,7.21,26.6,,1113,,5.21,-77.8,7.37,26.8,
,,,,,,,,,,,,,,,,,,,,,,,,,,,,,,,,,,,,,,,,,,,,,,,,,,,,,,,,
,,,,,,,,,,,,,,,,,,,,,,,,,,,,,,,,,,,,,,,,,,,,,,,,,,,,,,,,
9/25/16,968,,6.58,38.3,7.7,27.7,,1018,,4.03,-192.2,7.46,27.2,,1032,,4.68,-64.2,7.39,27.6,,1109,,6.27,-67.3,7.53,23.2,,1048,,1.14,-269,7.25,24.9,,1032,,4.68,-64.2,7.39,27.6,,1246,,5.01,-59.8,7.38,23.9,,1129,,5.66,-28,7.41,23.7,
,,,,,,,,,,,,,,,,,,,,,,,,,,,,,,,,,,,,,,,,,,,,,,,,,,,,,,,,
10/2/16,978,,6.35,150.2,7.61,27.2,,1012,,3.98,-176.3,7.48,27.6,,1051,,5.41,-26.8,7.49,26.1,,1067,,6.42,-20.8,7.54,22.6,,1037,,2.11,48.1,7.11,24.5,,1051,,5.41,-26.8,7.49,26.1,,1230,,5.42,-123.8,7.38,25.5,,1136,,6.12,-1.2,7.47,24,
,,,,,,,,,,,,,,,,,,,,,,,,,,,,,,,,,,,,,,,,,,,,,,,,,,,,,,,,
,,,,,,,,,,,,,,,,,,,,,,,,,,,,,,,,,,,,,,,,,,,,,,,,,,,,,,,,
10/9/16,1029,,6.77,66.7,7.75,25.2,,1046,,5.1,-213,7.6,24.5,,1082,,4.94,-87.2,7.47,24.5,,1079,,6.93,-70.5,7.62,21.9,,1070,,1.76,-250,7.16,23.5,,1082,,4.94,-87.2,7.47,24.5,,1286,,4.26,-120.3,7.47,23.7,,1131,,6.25,-29.5,7.54,23.4,
10/16/16,987,,6.69,203,7.63,25.9,,1027,,3.96,-156.7,7.42,25.4,,1078,,4.26,-25.7,7.32,24.2,,1154,,2.32,-263,7.09,21.9,,1382,,2.63,-157.6,7.02,22.6,,1078,,4.26,-25.7,7.32,24.2,,1057,,2.76,-220,7.36,23.2,,1138,,6.53,-1.1,7.52,21.3,
,,,,,,,,,,,,,,,,,,,,,,,,,,,,,,,,,,,,,,,,,,,,,,,,,,,,,,,,
,,,,,,,,,,,,,,,,,,,,,,,,,,,,,,,,,,,,,,,,,,,,,,,,,,,,,,,,
10/23/16,1016,,6.7,137.4,7.61,26.5,,1065,,4.43,-209,7.47,27.4,,1057,,3.76,-83.2,7.34,26.1,,1080,,6.63,-18.7,7.61,22.1,,1096,,2.46,-237,7.33,24.2,,1057,,3.76,-83.2,7.34,26.1,,1280,,6.32,-114.9,7.55,24.2,,1147,,5.41,-20.2,7.51,23.2,
,,,,,,,,,,,,,,,,,,,,,,,,,,,,,,,,,,,,,,,,,,,,,,,,,,,,,,,,
10/30/16,971,,6.28,64.4,7.68,27,,1026,,3.2,-266,7.42,29.5,,1096,,3.98,-139.7,7.34,29.7,,1090,,4.36,-116.3,7.39,26.9,,1129,,0.76,-314,7.18,26.8,,1096,,3.98,-139.7,7.34,29.7,,1415,,4.41,-153.6,7.3,27.2,,1278,,4.91,-62,7.28,27.2,
,,,,,,,,,,,,,,,,,,,,,,,,,,,,,,,,,,,,,,,,,,,,,,,,,,,,,,,,
,,,,,,,,,,,,,,,,,,,,,,,,,,,,,,,,,,,,,,,,,,,,,,,,,,,,,,,,
11/13/16,991,,6.68,96.9,7.64,25.2,,1018,,4.56,-220,7.51,23.4,,1032,,4.06,-50.8,7.35,22.3,,1073,,5.8,0.3,7.45,18.3,,1085,,2.77,-255,7.33,20.8,,1032,,4.06,-50.8,7.35,22.3,,1472,,2.73,-203,6.99,19.8,,1113,,5.41,-21.2,7.43,18.8,
,,,,,,,,,,,,,,,,,,,,,,,,,,,,,,,,,,,,,,,,,,,,,,,,,,,,,,,,
,,,,,,,,,,,,,,,,,,,,,,,,,,,,,,,,,,,,,,,,,,,,,,,,,,,,,,,,
11/20/16,1022,,6.87,97.2,7.69,23.7,,1028,,4.68,-144.6,7.52,21.4,,1059,,4.24,-44.7,7.4,20.2,,1189,,6.74,-15.3,7.46,19.4,,1053,,3.38,-9.5,7.37,20,,1059,,4.24,-44.7,7.4,20.2,,1451,,3.62,-151.3,7.05,18.3,,1114,,4.69,2.8,7.45,18.7,
,,,,,,,,,,,,,,,,,,,,,,,,,,,,,,,,,,,,,,,,,,,,,,,,,,,,,,,,
,,,,,,,,,,,,,,,,,,,,,,,,,,,,,,,,,,,,,,,,,,,,,,,,,,,,,,,,
,,,,,,,,,,,,,,,,,,,,,,,,,,,,,,,,,,,,,,,,,,,,,,,,,,,,,,,,
12/4/16,966,,6.84,232,7.48,23.4,,996,,4.17,-85,7.54,20.5,,1011,,3.47,79.3,7.53,17.7,,1049,,6.94,-9,7.54,16.4,,1002,,4.23,23.7,7.55,18.2,,1011,,3.47,79.3,7.53,17.7,,1239,,6.4,-79,7.29,15.8,,1049,,5.52,105.8,7.52,14.9,
,,,,,,,,,,,,,,,,,,,,,,,,,,,,,,,,,,,,,,,,,,,,,,,,,,,,,,,,
12/11/16,976,,6.98,193.1,7.57,23.8,,991,,5.61,-93.4,7.59,19,,1038,,4.43,24,7.43,16.6,,1069,,5.7,-18.5,7.43,14.7,,1015,,3.47,-46.2,7.44,17.8,,1038,,4.43,24,7.43,16.6,,1281,,5.73,-78.7,7.27,15,,1075,,6.72,69.6,7.59,13.5,
,,,,,,,,,,,,,,,,,,,,,,,,,,,,,,,,,,,,,,,,,,,,,,,,,,,,,,,,
,,,,,,,,,,,,,,,,,,,,,,,,,,,,,,,,,,,,,,,,,,,,,,,,,,,,,,,,
12/18/16,10.58,,6.62,208,7.51,23.1,,10.94,,4.8,31.4,7.45,20.2,,10.6,,3.83,112.9,7.37,18.7,,10.47,,6.5,-34.2,7.54,15.5,,10.5,,3.23,-175,7.38,19.1,,10.6,,3.83,112.9,7.37,18.7,,11.74,,4.66,-119.1,7.27,16.1,,10.87,,3.75,119.7,7.39,16.1,
,,,,,,,,,,,,,,,,,,,,,,,,,,,,,,,,,,,,,,,,,,,,,,,,,,,,,,,,
12/25/16,10.5,,7.37,175.4,7.37,20.7,,10.53,,5.36,117.4,7.47,18.8,,10.5,,3.74,149.3,7.32,16.8,,10.26,,6.13,-5.4,7.43,14.5,,10.56,,2.98,-127.6,7.32,17.6,,10.5,,3.74,149.3,7.32,16.8,,11.65,,4.92,35.5,7.15,15.3,,10.85,,4.62,144.4,7.41,13.7,
,,,,,,,,,,,,,,,,,,,,,,,,,,,,,,,,,,,,,,,,,,,,,,,,,,,,,,,,
1/1/17,1029,,6.77,170.6,7.38,23.5,,1002,,4.83,-2.4,7.42,17.8,,1042,,4.24,1.7,7.35,15.6,,1092,,7.86,30.8,7.56,13.8,,1022,,4.64,-173.9,7.42,15.8,,1042,,4.24,1.7,7.35,15.6,,1229,,6.93,-62.5,7.33,14.4,,1074,,5.74,25.2,7.37,13.1,
,,,,,,,,,,,,,,,,,,,,,,,,,,,,,,,,,,,,,,,,,,,,,,,,,,,,,,,,
1/8/17,1031,,6.7,143.1,7.39,24.3,,1026,,4.86,136.8,7.42,20.2,,1037,,5.1,134.9,7.39,17.3,,1072,,7.27,9,7.51,16,,1037,,3.98,-170.6,7.38,16.7,,1037,,5.1,134.9,7.39,17.3,,1232,,5.26,-51.2,7.18,15.2,,1074,,6.28,134.4,7.4,14.5,
,,,,,,,,,,,,,,,,,,,,,,,,,,,,,,,,,,,,,,,,,,,,,,,,,,,,,,,,
1/15/17,984,,6.6,184.8,7.44,23.8,,989,,4.43,140.8,7.41,18.2,,1018,,4.77,132.9,7.32,15.8,,1050,,7.74,15.1,7.54,13.3,,1004,,4.59,-93.6,7.4,16.1,,1018,,4.77,132.9,7.32,15.8,,1189,,5.93,-16.1,7.18,14.2,,1056,,5.99,142.3,7.41,13.2,
,,,,,,,,,,,,,,,,,,,,,,,,,,,,,,,,,,,,,,,,,,,,,,,,,,,,,,,,
1/22/17,984,,6.58,170.4,7.45,24.6,,991,,4.38,128,7.44,20.6,,1002,,4.73,125.2,7.44,17.8,,1041,,6.25,-14.1,7.45,15.6,,998,,4.42,-86.5,7.37,16.9,,1002,,4.73,125.2,7.44,17.8,,1156,,7.01,-84.1,7.37,17.1,,1040,,6.93,134.6,7.49,15.1,
1/29/17,990,,7,162.3,7.49,23.6,,996,,5.68,-69.3,7.46,16.4,,1025,,4.52,-25.8,7.26,13.7,,1039,,8.63,28,7.63,10.9,,1010,,4.89,-126.7,7.38,13.6,,1025,,4.52,-25.8,7.26,13.7,,1295,,4.48,-129.1,6.98,13.9,,1045,,8.35,3.9,7.55,11.1,
,,,,,,,,,,,,,,,,,,,,,,,,,,,,,,,,,,,,,,,,,,,,,,,,,,,,,,,,
2/5/17,1032,,7.09,189.4,7.4,21.6,,1050,,5.16,167.3,7.49,18.1,,1041,,3.74,173.4,7.24,16.7,,1018,,7.77,84.8,7.61,15.1,,1045,,4.49,91.9,7.42,16.8,,1041,,3.74,173.4,7.24,16.7,,1113,,7.12,64.9,7.35,16.1,,1067,,6.7,169,7.46,16,
,,,,,,,,,,,,,,,,,,,,,,,,,,,,,,,,,,,,,,,,,,,,,,,,,,,,,,,,
2/12/17,1032,,6.81,166.3,7.49,23.1,,1034,,4.52,145.9,7.45,19.8,,1052,,3.13,150.6,7.22,18.6,,1017,,5.68,-1.4,7.37,17.3,,1052,,3.53,-203,7.32,18.4,,1052,,3.13,150.6,7.22,18.6,,1079,,5.33,-23.5,7.18,17.6,,1073,,5.72,145.9,7.39,17.3,
,,,,,,,,,,,,,,,,,,,,,,,,,,,,,,,,,,,,,,,,,,,,,,,,,,,,,,,,
2/19/17,1020,,6.71,155.8,7.53,24.8,,1035,,5.13,53.9,7.46,20.8,,1041,,4.24,39,7.33,18.4,,1040,,6.26,36.1,7.46,16.5,,1039,,4.24,-111.7,7.37,18,,1041,,4.24,39,7.33,18.4,,1070,,6.18,18.7,7.29,17.4,,1073,,6.2,58.4,7.45,16.7,
,,,,,,,,,,,,,,,,,,,,,,,,,,,,,,,,,,,,,,,,,,,,,,,,,,,,,,,,
2/26/17,1012,,6.36,151,7.52,25.5,,997,,5.33,-44.1,7.47,20.4,,1007,,5.59,3.8,7.32,18.4,,994,,6.66,-12.1,7.45,16.6,,1012,,5.19,-157.1,7.42,18.2,,1007,,5.59,3.8,7.32,18.4,,1036,,6.98,-54.1,7.37,16.6,,1041,,7.53,40.5,7.53,14.8,
,,,,,,,,,,,,,,,,,,,,,,,,,,,,,,,,,,,,,,,,,,,,,,,,,,,,,,,,
3/5/17,958,,6.5,146.9,7.5,26.2,,987,,6.76,56.3,7.56,20.6,,1008,,6.47,68.7,7.36,18.3,,1021,,7.96,48.8,7.62,17,,996,,6.25,-176.3,7.44,18.6,,1008,,6.47,68.7,7.36,18.3,,1037,,7.82,12.8,7.47,17.2,,1049,,8.53,86.7,7.62,15.3,
3/12/17,1055,,6.62,250,7.41,25.9,,1058,,4.8,178.5,7.42,24.4,,1043,,4.16,163.5,7.25,21.6,,1028,,6.93,81.8,7.53,18.8,,1044,,3.9,-99.8,7.01,20.6,,1043,,4.16,163.5,7.25,21.6,,1060,,6.16,60.7,7.31,20.2,,1082,,6.3,164.3,7.41,20.5,
,,,,,,,,,,,,,,,,,,,,,,,,,,,,,,,,,,,,,,,,,,,,,,,,,,,,,,,,
,,,,,,,,,,,,,,,,,,,,,,,,,,,,,,,,,,,,,,,,,,,,,,,,,,,,,,,,
3/19/17,1050,,6.2,250,7.31,28.6,,1064,,5.31,195.7,7.32,28.1,,1066,,5.23,200,7.29,27,,1046,,4.77,152.1,7.29,22.4,,1064,,3.84,-190.6,7.14,22.9,,1066,,5.23,200,7.29,27,,1095,,4.85,142.7,7.14,23.1,,1135,,5.17,202,7.27,23,
,,,,,,,,,,,,,,,,,,,,,,,,,,,,,,,,,,,,,,,,,,,,,,,,,,,,,,,,
3/26/17,993,,6.67,273,7.48,25,,1058,,5.61,139.4,7.48,25.2,,1069,,6.26,140.9,7.49,22.2,,1032,,5.72,127.7,7.31,20.3,,1058,,2.94,-204,7.26,21.3,,1069,,6.26,140.9,7.49,22.2,,1099,,3.61,123.3,7.15,20.6,,1146,,6.76,162.5,7.42,20.1,
,,,,,,,,,,,,,,,,,,,,,,,,,,,,,,,,,,,,,,,,,,,,,,,,,,,,,,,,
,,,,,,,,,,,,,,,,,,,,,,,,,,,,,,,,,,,,,,,,,,,,,,,,,,,,,,,,
4/2/17,985,,6.63,262,7.49,26.4,,991,,4.7,226,7.47,24.9,,1035,,5.2,212,7.42,22.8,,1026,,4.84,22.5,7.37,20.5,,1025,,4.01,-19.1,7.36,21.5,,1035,,5.2,212,7.42,22.8,,1090,,5.45,-14.2,7.28,20.5,,1161,,6.44,207,7.39,20.3,
,,,,,,,,,,,,,,,,,,,,,,,,,,,,,,,,,,,,,,,,,,,,,,,,,,,,,,,,
4/9/17,1053,,6.92,271,7.57,22.7,,1031,,4.69,243,7.49,22.1,,1054,,5.25,220,7.42,20.6,,1024,,5.69,54.6,7.46,20.1,,1037,,4.04,-155,7.42,20.9,,1054,,5.25,220,7.42,20.6,,1115,,5.01,-10.9,7.23,20.1,,1187,,6.45,214,7.31,19.7,
,,,,,,,,,,,,,,,,,,,,,,,,,,,,,,,,,,,,,,,,,,,,,,,,,,,,,,,,
,,,,,,,,,,,,,,,,,,,,,,,,,,,,,,,,,,,,,,,,,,,,,,,,,,,,,,,,
4/16/17,981,,6.74,261,7.65,27.4,,1037,,5.71,109.8,7.61,26.7,,1055,,6.16,87.1,7.56,24,,1019,,5.9,8.9,7.48,22.2,,1073,,1.87,-206,7.36,23.1,1.6,1055,,6.16,87.1,7.56,24,,1126,,5.78,-32.1,7.32,22.1,,1229,,6.62,118.2,7.41,22.4,
,,,,,,,,,,,,,,,,,,,,,,,,,,,,,,,,,,,,,,,,,,,,,,,,,,,,,,,,
4/23/17,1018,,6.12,265,7.39,27.1,,1138,,2.15,-189.5,7.27,29.8,,1115,,5.41,-81.6,7.49,28.7,,1062,,5.11,-159.4,7.46,24.9,,1145,,3.41,-202,7.26,24.8,1.4,1115,,5.41,-81.6,7.49,28.7,,1237,,5.06,-171.3,7.23,24.4,,1534,,6.47,177.3,7.19,22.8,
,,,,,,,,,,,,,,,,,,,,,,,,,,,,,,,,,,,,,,,,,,,,,,,,,,,,,,,,
4/30/17,1060,,6.56,253,7.4,25.5,,1203,,0.65,-240,7.33,22.7,,1211,,4.27,-87.3,7.19,23.1,,1077,,5.91,-13.4,7.45,22.3,,1093,,1.9,-237,7.27,23,2,1211,,4.27,-87.3,7.19,23.1,,1204,,4.46,-125.1,7.12,22.3,,1525,,6.06,-10.5,7.12,20.9,
,,,,,,,,,,,,,,,,,,,,,,,,,,,,,,,,,,,,,,,,,,,,,,,,,,,,,,,,
5/7/17,1033,,6.51,242,7.5,25.2,,1130,,0.46,-331,7.38,22,4,1253,,4.96,-117.5,7.35,22.7,,1093,,5.92,-101.4,7.46,21.8,,1075,,2.56,-228,7.33,23.3,1.2,1253,,4.96,-117.5,7.35,22.7,,1233,,4.32,-147,7.14,22.6,,1631,,6.52,-30.3,7.4,21,
,,,,,,,,,,,,,,,,,,,,,,,,,,,,,,,,,,,,,,,,,,,,,,,,,,,,,,,,
5/8/17,1041,,6.36,235,7.42,25.4,,1111,,0.46,-289,7.31,24,0.2,1203,,4.6,-121,7.29,24.3,,1091,,6.03,-86.2,7.47,23.2,,1103,,1.65,-259,7.21,24.2,1.8,1203,,4.6,-121,7.29,24.3,,1228,,4.46,-143.7,7.17,22.8,,1567,,6.32,-287,7.18,24.3,
5/14/17,1033,,6.51,242,7.5,25.2,,1130,,0.46,-331,7.38,22,4,1253,,4.96,-117.5,7.35,22.7,,1093,,5.92,-101.4,7.46,21.8,,1075,,2.56,-228,7.33,23.3,1.2,1253,,4.96,-117.5,7.35,22.7,,1233,,4.32,-147,7.14,22.6,,1631,,6.52,-30.3,7.4,21,
5/15/17,1041,,6.36,235,7.42,25.4,,1111,,0.46,-289,7.31,24,0.2,1203,,4.6,-121,7.29,24.3,,1091,,6.03,-86.2,7.47,23.2,,1103,,1.65,-259,7.21,24.2,1.8,1203,,4.6,-121,7.29,24.3,,1228,,4.46,-143.7,7.17,22.8,,1567,,6.32,-287,7.18,24.3,
,,,,,,,,,,,,,,,,,,,,,,,,,,,,,,,,,,,,,,,,,,,,,,,,,,,,,,,,
5/22/17,1035,,6.54,215,7.59,26.3,,1048,,1.12,-252,7.42,26.1,0.2,1131,,4.41,-116.7,7.36,25.2,,1071,,6.51,-49.4,7.66,24,,1107,,2.52,-240,7.36,24.2,1,1131,,4.41,-116.7,7.36,25.2,,1249,,5.17,-110.7,7.25,23.6,,1521,,5.89,-270,7.3,24.4,
,,,,,,,,,,,,,,,,,,,,,,,,,,,,,,,,,,,,,,,,,,,,,,,,,,,,,,,,
5/31/17,1034,,6.23,210,7.49,29.5,,1075,,0.68,-320,7.33,29.8,0.5,1112,,4.29,-105.1,7.36,29.7,,1171,,6.09,-36.8,7.67,27.2,,1176,,1.83,-249,7.09,27.4,1,1112,,4.29,-105.1,7.36,29.7,,1314,,5.26,-83.9,7.41,27.5,,1427,,5.88,-29,7.42,27.9,
,,,,,,,,,,,,,,,,,,,,,,,,,,,,,,,,,,,,,,,,,,,,,,,,,,,,,,,,
6/5/17,1050,,6.19,203,7.45,26.8,,1081,,0.52,-267,7.28,28.1,0.2,1157,,3.34,-126.7,7.34,27.4,,1101,,6.04,-64.2,7.58,25.6,,1174,,1.05,-269,7.25,26.5,2,1157,,3.34,-126.7,7.34,27.4,,1337,,4.48,-12.6,7.26,26.5,,1476,,5.36,-44.5,7.3,26,
,,,,,,,,,,,,,,,,,,,,,,,,,,,,,,,,,,,,,,,,,,,,,,,,,,,,,,,,
6/13/17,1035,,6.25,214,7.49,28.6,,1076,,1.99,-232,7.37,29.8,0,1176,,4.74,-95.9,7.43,31.2,,1181,,5.87,-55.8,7.64,29.1,,1206,,1.34,-263,7.29,28.3,2,1176,,4.74,-95.9,7.43,31.2,,1355,,4.28,-143.1,7.32,29.3,,1562,,5.75,-35.7,7.44,30.3,
,,,,,,,,,,,,,,,,,,,,,,,,,,,,,,,,,,,,,,,,,,,,,,,,,,,,,,,,
6/19/17,1032,,6.27,201,7.36,26.9,,1094,,2.37,-227,7.37,27.9,0,1144,,4.16,-103.6,7.21,28.2,,1153,,6.21,-78.7,7.69,24.4,,1245,,1.37,-301,7.38,23.8,0,1144,,4.16,-103.6,7.21,28.2,,0,,0,0,0,0,,1417,,5.35,-42.1,7.24,26.5,
,,,,,,,,,,,,,,,,,,,,,,,,,,,,,,,,,,,,,,,,,,,,,,,,,,,,,,,,
,,,,,,,,,,,,,,,,,,,,,,,,,,,,,,,,,,,,,,,,,,,,,,,,,,,,,,,,
6/26/17,1059,,6.28,181.1,7.39,27,,1098,,2.48,-227,7.27,29.6,0,1174,,2.73,-122.6,7.11,30.5,,1160,,3.52,-130,7.18,28.1,,1276,,0.49,-303,7.17,27.3,2,1174,,2.73,-122.6,7.11,30.5,,1327,,40,-254,7.07,28.8,,1732,,5.08,-37.9,7.29,27.2,
,,,,,,,,,,,,,,,,,,,,,,,,,,,,,,,,,,,,,,,,,,,,,,,,,,,,,,,,
7/5/17,1021,,6.03,44.7,7.54,27,,1091,,2.86,-211,7.17,31.6,0,1231,,0.75,-289,7.05,32.3,,1119,,3.23,-109.2,7.17,28.5,,1240,,0.74,-178.4,7.14,28.9,0.2,1231,,0.75,-289,7.05,32.3,,1295,,0.82,-317,7.02,30.1,,1824,,4.71,-5.1,7.22,30.5,
,,,,,,,,,,,,,,,,,,,,,,,,,,,,,,,,,,,,,,,,,,,,,,,,,,,,,,,,
7/11/17,1031,,6.43,148.9,7.34,27.6,,1102,,0.75,-283,7.22,30.6,0,1214,,0.1,-319,7.13,31.2,,1096,,3.4,-124.1,7.17,30,,1250,,0.61,-282,7.09,29.8,0,1214,,0.1,-319,7.13,31.2,,1261,,0.71,-286,7.02,31.3,,1706,,4.09,-122.1,7.16,28.7,
,,,,,,,,,,,,,,,,,,,,,,,,,,,,,,,,,,,,,,,,,,,,,,,,,,,,,,,,
7/18/17,1022,,6.51,194.3,7.37,26.9,,1117,,0.46,-286,7.21,29.6,0,1290,,0,-356,7.08,29.3,,1259,,3.64,-95.5,7.17,27.5,,1296,,0.25,-333,7,28.9,1,1290,,0,-356,7.08,29.3,,1345,,0.28,-325,7.01,28.6,,1629,,3.34,-86.4,7.22,26.8,
,,,,,,,,,,,,,,,,,,,,,,,,,,,,,,,,,,,,,,,,,,,,,,,,,,,,,,,,
7/26/17,1026,,6.62,206,7.36,27.1,,1107,,0.3,-336,7.21,30,1.5,1239,,0,-360,7.12,29.8,,1176,,4.14,-102.7,7.29,26.8,,1234,,0.61,-151.3,6.85,27.4,0,1239,,0,-360,7.12,29.8,,1349,,0.53,-295,7.14,27.6,,1602,,0.48,-324,7.22,28.1,
,,,,,,,,,,,,,,,,,,,,,,,,,,,,,,,,,,,,,,,,,,,,,,,,,,,,,,,,
,,,,,,,,,,,,,,,,,,,,,,,,,,,,,,,,,,,,,,,,,,,,,,,,,,,,,,,,
7/31/17,1048,,6.23,128.3,7.51,27.4,,1114,,0.05,-347,7.19,29.8,2,1248,,0.02,-380,7.23,31.2,,1143,,4.38,-68.3,7.31,29.7,,1184,,0.52,-192.4,7.01,29.4,0,1248,,0.02,-380,7.23,31.2,,1337,,0.38,-292,7.24,30.1,,1443,,0.13,-344,7.21,30.3,
,,,,,,,,,,,,,,,,,,,,,,,,,,,,,,,,,,,,,,,,,,,,,,,,,,,,,,,,
8/7/17,1027,,6.49,97.6,7.55,26.7,,1103,,0.24,-329,7.28,29.3,1.6,1212,,0.02,-391,7.4,29.1,,1126,,5.46,-126.9,7.36,26,,1221,,0.63,-324,7.03,26.1,1.2,1212,,0.02,-391,7.4,29.1,,1311,,1.89,-309,7.22,26.8,,1461,,0.38,-328,7.36,26.9,
,,,,,,,,,,,,,,,,,,,,,,,,,,,,,,,,,,,,,,,,,,,,,,,,,,,,,,,,
8/15/17,1044,,6.38,111.6,7.54,26.3,,1101,,0.39,-322,7.4,28.1,0.2,1244,,0.02,-374,7.39,27,,1119,,4.97,-124.3,7.41,25.8,,1206,,0.73,-311,7.15,25.9,10.5,1244,,0.02,-374,7.39,27,,1297,,0.56,-293,7.42,25,,1464,,0.73,-272,7.42,26.3,
,,,,,,,,,,,,,,,,,,,,,,,,,,,,,,,,,,,,,,,,,,,,,,,,,,,,,,,,
8/23/17,1047,,5.76,116.2,7.46,27.4,,1050,,1.48,-199,7.44,29.6,1.2,1240,,0.16,-375,7.39,30.8,,1114,,4.32,-139.1,7.36,28.4,,1112,,0.97,-273,7.2,28.7,0,1240,,0.16,-375,7.39,30.8,,0,,0,0,0,0,,1482,,1.15,-219,7.51,30.9,
,,,,,,,,,,,,,,,,,,,,,,,,,,,,,,,,,,,,,,,,,,,,,,,,,,,,,,,,
8/28/17,1003,,6.47,102.3,7.95,24.2,,1048,,0.44,-285,7.55,25.3,1.4,1187,,1.21,-379,7.46,24.7,,1111,,5.11,-61.6,7.44,23.5,,1145,,1.05,-238,7.4,24,0,1187,,1.21,-379,7.46,24.7,,1338,,0.33,-298,7.38,23.6,,1427,,2.14,-126.8,7.5,23.8,
,,,,,,,,,,,,,,,,,,,,,,,,,,,,,,,,,,,,,,,,,,,,,,,,,,,,,,,,
9/7/17,986,,6.04,151.4,7.53,29.1,,1085,,0.12,-355,7.16,28.9,2,1221,,0.05,-387,7.47,27.8,,1108,,4.9,-131.5,7.39,26.6,,1180,,0.72,-304,7.14,27.7,1,1221,,0.05,-387,7.47,27.8,,1267,,0.28,-365,7.11,27.3,,1464,,0.51,-270,7.31,26.8,
,,,,,,,,,,,,,,,,,,,,,,,,,,,,,,,,,,,,,,,,,,,,,,,,,,,,,,,,
9/11/17,1040,,6.1,121.4,7.53,26.6,,1081,,0,-358,7.1,27.9,1,1215,,0,-378,7.29,29.1,,1114,,4.8,-94.4,7.43,26.6,,1153,,0.62,-265,7.22,27.4,0.2,1215,,0,-378,7.29,29.1,,1257,,1.38,-291,7.5,25.9,,1471,,0.74,-238,7.31,27.9,
,,,,,,,,,,,,,,,,,,,,,,,,,,,,,,,,,,,,,,,,,,,,,,,,,,,,,,,,
9/19/17,1052,,6.65,125,7.55,25.5,,1095,,0,-362,6.96,26.3,0.4,1226,,0.03,-386,7.37,25.9,,1114,,5.09,-114,7.44,23.9,,1191,,2.67,-238,7.12,26.6,1.6,1226,,0.03,-386,7.37,25.9,,1086,,1.94,-277,7.01,26,,1455,,2.64,194.5,7.37,24,
9/25/17,1043,,5.27,134.7,7.5,26.2,,1070,,0.22,-353,7.21,26.5,2.2,1209,,0.07,-364,7.51,26.5,,1108,,5.6,-97.7,7.51,23.6,,1119,,4.03,-181.6,7.39,24.3,0.2,1209,,0.07,-364,7.51,26.5,,1277,,0.65,-329,7.29,24.8,,1501,,4.93,-172.2,7.5,25.9,
10/2/17,1028,,6.27,156.7,7.49,25.8,,1047,,0.42,-339,7.29,26.4,1,1213,,0.05,-350,7.29,26,,1116,,4.48,-148.2,7.35,23.5,,1114,,2.87,-188.5,7.2,24.9,0,1213,,0.05,-350,7.29,26,,1214,,1.37,-322,7.41,24.4,,1444,,3.35,-204,7.26,25.3,
,,,,,,,,,,,,,,,,,,,,,,,,,,,,,,,,,,,,,,,,,,,,,,,,,,,,,,,,